"symbol","name","sector","asset_class","market_value","weight_pct","notional_value","shares","CUSIP","ISIN","SEDOL","price","location","exchange","market_currency","fx_rate","accrual_date","date"
"NVDA","NVIDIA","Information Technology","Equity",6.88834640564e+10,7.79525,6.88834640564e+10,323320648,"67066G104","US67066G1040","2379504",213.05,"United States","NASDAQ","USD",1,"-",2026-08-25
"AAPL","APPLE","Information Technology","Equity",6.07595220696e+10,6.8759,6.07595220696e+10,196061704,"037833100","US0378331005","2046251",309.9,"United States","NASDAQ","USD",1,"-",2026-08-25
"MSFT","MICROSOFT","Information Technology","Equity",4.875915550504e+10,5.51787,4.875915550504e+10,99162424,"594918104","US5949181045","2588173",491.71,"United States","NASDAQ","USD",1,"-",2026-08-25
"AMZN","AMAZON.COM INC","Consumer Discretionary","Equity",3.411354272034e+10,3.86048,3.411354272034e+10,130673189,"023135106","US0231351067","2000019",261.06,"United States","NASDAQ","USD",1,"-",2026-08-25
"GOOGL","ALPHABET CLASS A","Communication","Equity",2.715797271504e+10,3.07335,2.715797271504e+10,78274074,"02079K305","US02079K3059","BYVY8G0",346.96,"United States","NASDAQ","USD",1,"-",2026-08-25
"AVGO","BROADCOM INC","Information Technology","Equity",2.254708566642e+10,2.55156,2.254708566642e+10,63203133,"11135F101","US11135F1012","BDZ78H9",356.74,"United States","NASDAQ","USD",1,"-",2026-08-25
"GOOG","ALPHABET CLASS C","Communication","Equity",2.166224624464e+10,2.45142,2.166224624464e+10,63092696,"02079K107","US02079K1079","BYY88Y7",343.34,"United States","NASDAQ","USD",1,"-",2026-08-25
"META","META PLATFORMS CLASS A","Communication","Equity",1.67112426299e+10,1.89114,1.67112426299e+10,29315398,"30303M102","US30303M1027","B7TL820",570.05,"United States","NASDAQ","USD",1,"-",2026-08-25
"MU","MICRON TECHNOLOGY","Information Technology","Equity",1.404587454564e+10,1.58951,1.404587454564e+10,15055012,"595112103","US5951121038","2588184",932.97,"United States","NASDAQ","USD",1,"-",2026-08-25
"TSLA","TESLA INC","Consumer Discretionary","Equity",1.31628370155e+10,1.48958,1.31628370155e+10,37581262,"88160R101","US88160R1014","B616C79",350.25,"United States","NASDAQ","USD",1,"-",2026-08-25
"LLY","ELI LILLY","Health Care","Equity",1.302748414248e+10,1.47427,1.302748414248e+10,10560028,"532457108","US5324571083","2516152",1233.66,"United States","NYSE","USD",1,"-",2026-08-25
"JPM","JPMORGAN CHASE & CO","Financials","Equity",1.27585052473e+10,1.44383,1.27585052473e+10,35769170,"46625H100","US46625H1005","2190385",356.69,"United States","NYSE","USD",1,"-",2026-08-25
"BRKB","BERKSHIRE HATHAWAY INC CLASS B","Financials","Equity",1.23423923072e+10,1.39674,1.23423923072e+10,24473335,"084670702","US0846707026","2073390",504.32,"United States","NYSE","USD",1,"-",2026-08-25
"AMD","ADVANCED MICRO DEVICES","Information Technology","Equity",1.043033549818e+10,1.18036,1.043033549818e+10,21767051,"007903107","US0079031078","2007849",479.18,"United States","NASDAQ","USD",1,"-",2026-08-25
"XOM","EXXONMOBIL HOLDINGS CORP","Energy","Equity",8888326218.24,1.00585,8888326218.24,55330716,"30233Q108","US30233Q1085","BVSRPD7",160.64,"United States","NYSE","USD",1,"-",2026-08-25
"JNJ","JOHNSON & JOHNSON","Health Care","Equity",8777039515.86,0.99326,8777039515.86,32133849,"478160104","US4781601046","2475833",273.14,"United States","NYSE","USD",1,"-",2026-08-25
"V","VISA CLASS A","Financials","Equity",8510882531.06,0.96314,8510882531.06,22155679,"92826C839","US92826C8394","B2PZN04",384.14,"United States","NYSE","USD",1,"-",2026-08-25
"MA","MASTERCARD CLASS A","Financials","Equity",6455792692.68,0.73057,6455792692.68,10770964,"57636Q104","US57636Q1040","B121557",599.37,"United States","NYSE","USD",1,"-",2026-08-25
"ABBV","ABBVIE","Health Care","Equity",6268651036.83,0.7094,6268651036.83,23584977,"00287Y109","US00287Y1091","B92SR70",265.79,"United States","NYSE","USD",1,"-",2026-08-25
"WMT","WALMART INC","Consumer Staples","Equity",6167104632.92,0.69791,6167104632.92,58522534,"931142103","US9311421039","2936921",105.38,"United States","NASDAQ","USD",1,"-",2026-08-25
"CSCO","CISCO SYSTEMS INC","Information Technology","Equity",5858525414.16,0.66298,5858525414.16,52727256,"17275R102","US17275R1023","2198163",111.11,"United States","NASDAQ","USD",1,"-",2026-08-25
"INTC","INTEL CORPORATION","Information Technology","Equity",5766240875.76,0.65254,5766240875.76,65914962,"458140100","US4581401001","2463247",87.48,"United States","NASDAQ","USD",1,"-",2026-08-25
"COST","COSTCO WHOLESALE CORP","Consumer Staples","Equity",5685573784.11,0.64341,5685573784.11,5922411,"22160K105","US22160K1051","2701271",960.01,"United States","NASDAQ","USD",1,"-",2026-08-25
"BAC","BANK OF AMERICA","Financials","Equity",5441021410.65,0.61574,5441021410.65,87153955,"060505104","US0605051046","2295677",62.43,"United States","NYSE","USD",1,"-",2026-08-25
"PLTR","PALANTIR TECHNOLOGIES CLASS A","Information Technology","Equity",5294268465.12,0.59913,5294268465.12,30650544,"69608A108","US69608A1088","BN78DQ4",172.73,"United States","NASDAQ","USD",1,"-",2026-08-25
"LRCX","LAM RESEARCH","Information Technology","Equity",5252920509.62,0.59445,5252920509.62,16693957,"512807306","US5128073062","BSML4N7",314.66,"United States","NASDAQ","USD",1,"-",2026-08-25
"MRK","MERCK & CO INC","Health Care","Equity",5158153214.55,0.58373,5158153214.55,32969979,"58933Y105","US58933Y1055","2778844",156.45,"United States","NYSE","USD",1,"-",2026-08-25
"AMAT","APPLIED MATERIAL INC","Information Technology","Equity",5085413669.16,0.57549,5085413669.16,10593729,"038222105","US0382221051","2046552",480.04,"United States","NASDAQ","USD",1,"-",2026-08-25
"CVX","CHEVRON","Energy","Equity",4995374232.24,0.56531,4995374232.24,24990616,"166764100","US1667641005","2838555",199.89,"United States","NYSE","USD",1,"-",2026-08-25
"CAT","CATERPILLAR INC","Industrials","Equity",4988320410.12,0.56451,4988320410.12,6148628,"149123101","US1491231015","2180201",811.29,"United States","NYSE","USD",1,"-",2026-08-25
"GE","GE AEROSPACE","Industrials","Equity",4868127469.6,0.55091,4868127469.6,13927240,"369604301","US3696043013","BL59CR9",349.54,"United States","NYSE","USD",1,"-",2026-08-25
"UNH","UNITEDHEALTH GROUP INC","Health Care","Equity",4807827653.03,0.54408,4807827653.03,12122917,"91324P102","US91324P1021","2917766",396.59,"United States","NYSE","USD",1,"-",2026-08-25
"KO","COCA-COLA","Consumer Staples","Equity",4736933090.44,0.53606,4736933090.44,51690671,"191216100","US1912161007","2206657",91.64,"United States","NYSE","USD",1,"-",2026-08-25
"NFLX","NETFLIX","Communication","Equity",4622174284.68,0.52307,4622174284.68,56210316,"64110L106","US64110L1061","2857817",82.23,"United States","NASDAQ","USD",1,"-",2026-08-25
"PG","PROCTER & GAMBLE","Consumer Staples","Equity",4519810180.8,0.51149,4519810180.8,31085352,"742718109","US7427181091","2704407",145.4,"United States","NYSE","USD",1,"-",2026-08-25
"HD","HOME DEPOT","Consumer Discretionary","Equity",4492462278.52,0.50839,4492462278.52,13296029,"437076102","US4370761029","2434209",337.88,"United States","NYSE","USD",1,"-",2026-08-25
"GS","GOLDMAN SACHS GROUP INC","Financials","Equity",4169605778.88,0.47186,4169605778.88,3937751,"38141G104","US38141G1040","2407966",1058.88,"United States","NYSE","USD",1,"-",2026-08-25
"PM","PHILIP MORRIS INTERNATIONAL INC","Consumer Staples","Equity",4034560285.44,0.45657,4034560285.44,20805282,"718172109","US7181721090","B2PKRQ3",193.92,"United States","NYSE","USD",1,"-",2026-08-25
"RTX","RTX","Industrials","Equity",3780212602.04,0.42779,3780212602.04,17977043,"75513E101","US75513E1010","BM5M5Y3",210.28,"United States","NYSE","USD",1,"-",2026-08-25
"PANW","PALO ALTO NETWORKS","Information Technology","Equity",3679689080.1,0.41641,3679689080.1,10825799,"697435105","US6974351057","B87ZMX0",339.9,"United States","NASDAQ","USD",1,"-",2026-08-25
"MS","MORGAN STANLEY","Financials","Equity",3468775433.77,0.39255,3468775433.77,16002101,"617446448","US6174464486","2262314",216.77,"United States","NYSE","USD",1,"-",2026-08-25
"WFC","WELLS FARGO","Financials","Equity",3463728733.25,0.39198,3463728733.25,40850675,"949746101","US9497461015","2649100",84.79,"United States","NYSE","USD",1,"-",2026-08-25
"GEV","GE VERNOVA INC","Industrials","Equity",3324202751.52,0.37619,3324202751.52,3587024,"36828A101","US36828A1016","BP6H4Y1",926.73,"United States","NYSE","USD",1,"-",2026-08-25
"ORCL","ORACLE","Information Technology","Equity",3279003490.84,0.37107,3279003490.84,22651309,"68389X105","US68389X1054","2661568",144.76,"United States","NYSE","USD",1,"-",2026-08-25
"KLAC","KLA","Information Technology","Equity",3196968332.5,0.36179,3196968332.5,17437375,"482480100","US4824801009","2480138",183.34,"United States","NASDAQ","USD",1,"-",2026-08-25
"AMGN","AMGEN INC","Health Care","Equity",3185484792.32,0.36049,3185484792.32,7203068,"031162100","US0311621009","2023607",442.24,"United States","NASDAQ","USD",1,"-",2026-08-25
"TXN","TEXAS INSTRUMENT INC","Information Technology","Equity",3159308442.5,0.35753,3159308442.5,12148850,"882508104","US8825081040","2885409",260.05,"United States","NASDAQ","USD",1,"-",2026-08-25
"TMO","THERMO FISHER SCIENTIFIC INC","Health Care","Equity",3116108303.65,0.35264,3116108303.65,4960771,"883556102","US8835561023","2886907",628.15,"United States","NYSE","USD",1,"-",2026-08-25
"C","CITIGROUP INC","Financials","Equity",3033774438.5,0.34332,3033774438.5,22767538,"172967424","US1729674242","2297907",133.25,"United States","NYSE","USD",1,"-",2026-08-25
"LIN","LINDE PLC","Materials","Equity",3007019349.6,0.34029,3007019349.6,6172043,"-","IE000S9YS762","BNZHB81",487.2,"United States","NASDAQ","USD",1,"-",2026-08-25
"IBM","INTERNATIONAL BUSINESS MACHINES","Information Technology","Equity",2938227832.98,0.33251,2938227832.98,12546342,"459200101","US4592001014","2005973",234.19,"United States","NYSE","USD",1,"-",2026-08-25
"SNDK","SANDISK","Information Technology","Equity",2927195020.62,0.33126,2927195020.62,1976806,"80004C200","US80004C2008","BSNPZV3",1480.77,"United States","NASDAQ","USD",1,"-",2026-08-25
"MRVL","MARVELL TECHNOLOGY","Information Technology","Equity",2809518892.74,0.31794,2809518892.74,11687823,"573874104","US5738741041","BNKJSM5",240.38,"United States","NASDAQ","USD",1,"-",2026-08-25
"VZ","VERIZON COMMUNICATIONS INC","Communication","Equity",2800913292,0.31697,2800913292,55739568,"92343V104","US92343V1044","2090571",50.25,"United States","NYSE","USD",1,"-",2026-08-25
"ABT","ABBOTT LABORATORIES","Health Care","Equity",2701024701.9,0.30566,2701024701.9,23258630,"002824100","US0028241000","2002305",116.13,"United States","NYSE","USD",1,"-",2026-08-25
"ANET","ARISTA NETWORKS INC","Information Technology","Equity",2631796667.8,0.29783,2631796667.8,13783370,"040413205","US0404132054","BL9XPM3",190.94,"United States","NYSE","USD",1,"-",2026-08-25
"APH","AMPHENOL CORP CLASS A","Information Technology","Equity",2607542955.92,0.29508,2607542955.92,16422364,"032095101","US0320951017","2145084",158.78,"United States","NYSE","USD",1,"-",2026-08-25
"PEP","PEPSICO","Consumer Staples","Equity",2595677594.83,0.29374,2595677594.83,18244729,"713448108","US7134481081","2681511",142.27,"United States","NASDAQ","USD",1,"-",2026-08-25
"DIS","WALT DISNEY","Communication","Equity",2578829401.25,0.29184,2578829401.25,23180489,"254687106","US2546871060","2270726",111.25,"United States","NYSE","USD",1,"-",2026-08-25
"MCD","MCDONALDS CORP","Consumer Discretionary","Equity",2542812144.6,0.28776,2542812144.6,9484566,"580135101","US5801351017","2550707",268.1,"United States","NYSE","USD",1,"-",2026-08-25
"CRWD","CROWDSTRIKE HOLDINGS CLASS A","Information Technology","Equity",2519573732,0.28513,2519573732,13591400,"22788C105","US22788C1053","BJJP138",185.38,"United States","NASDAQ","USD",1,"-",2026-08-25
"GILD","GILEAD SCIENCES","Health Care","Equity",2465706541.5,0.27903,2465706541.5,16573950,"375558103","US3755581036","2369174",148.77,"United States","NASDAQ","USD",1,"-",2026-08-25
"STX","SEAGATE TECHNOLOGY HOLDINGS PLC","Information Technology","Equity",2459278030.08,0.27831,2459278030.08,2993024,"-","IE00BKVD2N49","BKVD2N4",821.67,"United States","NASDAQ","USD",1,"-",2026-08-25
"UNP","UNION PACIFIC","Industrials","Equity",2453631396.98,0.27767,2453631396.98,7925422,"907818108","US9078181081","2914734",309.59,"United States","NYSE","USD",1,"-",2026-08-25
"SCHW","CHARLES SCHWAB","Financials","Equity",2450030599.55,0.27726,2450030599.55,21822665,"808513105","US8085131055","2779397",112.27,"United States","NYSE","USD",1,"-",2026-08-25
"ADI","ANALOG DEVICES","Information Technology","Equity",2435212841.74,0.27558,2435212841.74,6517189,"032654105","US0326541051","2032067",373.66,"United States","NASDAQ","USD",1,"-",2026-08-25
"T","AT&T INC","Communication","Equity",2390261586.27,0.2705,2390261586.27,92753651,"00206R102","US00206R1023","2831811",25.77,"United States","NYSE","USD",1,"-",2026-08-25
"AXP","AMERICAN EXPRESS","Financials","Equity",2386693952.35,0.27009,2386693952.35,7104313,"025816109","US0258161092","2026082",335.95,"United States","NYSE","USD",1,"-",2026-08-25
"NEE","NEXTERA ENERGY","Utilities","Equity",2344447299.6,0.26531,2344447299.6,27837180,"65339F101","US65339F1012","2328915",84.22,"United States","NYSE","USD",1,"-",2026-08-25
"WELL","WELLTOWER","Real Estate","Equity",2272370195.55,0.25715,2272370195.55,9423057,"95040Q104","US95040Q1040","BYVYHH4",241.15,"United States","NYSE","USD",1,"-",2026-08-25
"BLK","BLACKROCK","Financials","Equity",2267645317.44,0.25662,2267645317.44,1927221,"09290D101","US09290D1019","BMZBBT7",1176.64,"United States","NYSE","USD",1,"-",2026-08-25
"QCOM","QUALCOMM","Information Technology","Equity",2259093971.52,0.25565,2259093971.52,14070092,"747525103","US7475251036","2714923",160.56,"United States","NASDAQ","USD",1,"-",2026-08-25
"CRM","SALESFORCE","Information Technology","Equity",2246245255.53,0.2542,2246245255.53,10920537,"79466L302","US79466L3024","2310525",205.69,"United States","NYSE","USD",1,"-",2026-08-25
"BA","BOEING","Industrials","Equity",2221179431.16,0.25136,2221179431.16,10522927,"097023105","US0970231058","2108601",211.08,"United States","NYSE","USD",1,"-",2026-08-25
"BKNG","BOOKING HOLDINGS","Consumer Discretionary","Equity",2211255663.12,0.25024,2211255663.12,10343604,"09857L108","US09857L1089","BDRXDB4",213.78,"United States","NASDAQ","USD",1,"-",2026-08-25
"UBER","UBER TECHNOLOGIES","Industrials","Equity",2183359950.95,0.24708,2183359950.95,27173117,"90353T100","US90353T1007","BK6N347",80.35,"United States","NYSE","USD",1,"-",2026-08-25
"PFE","PFIZER","Health Care","Equity",2172744528.77,0.24588,2172744528.77,76049861,"717081103","US7170811035","2684703",28.57,"United States","NYSE","USD",1,"-",2026-08-25
"COP","CONOCOPHILLIPS","Energy","Equity",2144105877.76,0.24264,2144105877.76,16262939,"20825C104","US20825C1045","2685717",131.84,"United States","NYSE","USD",1,"-",2026-08-25
"ETN","EATON PLC","Industrials","Equity",2121134848.8,0.24004,2121134848.8,5183614,"-","IE00B8KQN827","B8KQN82",409.2,"United States","NYSE","USD",1,"-",2026-08-25
"DE","DEERE","Industrials","Equity",2114766951.6,0.23932,2114766951.6,3353260,"244199105","US2441991054","2261203",630.66,"United States","NYSE","USD",1,"-",2026-08-25
"WDC","WESTERN DIGITAL CORP","Information Technology","Equity",2073875508,0.23469,2073875508,4600944,"958102105","US9581021055","2954699",450.75,"United States","NASDAQ","USD",1,"-",2026-08-25
"TJX","TJX","Consumer Discretionary","Equity",2058959544.84,0.233,2058959544.84,14761683,"872540109","US8725401090","2989301",139.48,"United States","NYSE","USD",1,"-",2026-08-25
"NEM","NEWMONT","Materials","Equity",1925892167.46,0.21795,1925892167.46,14251089,"651639106","US6516391066","2636607",135.14,"United States","NYSE","USD",1,"-",2026-08-25
"VRTX","VERTEX PHARMACEUTICALS","Health Care","Equity",1873249297.5,0.21199,1873249297.5,3388350,"92532F100","US92532F1003","2931034",552.85,"United States","NASDAQ","USD",1,"-",2026-08-25
"BMY","BRISTOL MYERS SQUIBB","Health Care","Equity",1851476378.88,0.20952,1851476378.88,27259664,"110122108","US1101221083","2126335",67.92,"United States","NYSE","USD",1,"-",2026-08-25
"DHR","DANAHER","Health Care","Equity",1816020891.84,0.20551,1816020891.84,8408672,"235851102","US2358511028","2250870",215.97,"United States","NYSE","USD",1,"-",2026-08-25
"PLD","PROLOGIS REIT","Real Estate","Equity",1813994083.11,0.20528,1813994083.11,12656067,"74340W103","US74340W1036","B44WZD7",143.33,"United States","NYSE","USD",1,"-",2026-08-25
"COF","CAPITAL ONE FINANCIAL CORP","Financials","Equity",1796345468.16,0.20328,1796345468.16,8307184,"14040H105","US14040H1059","2654461",216.24,"United States","NYSE","USD",1,"-",2026-08-25
"ISRG","INTUITIVE SURGICAL INC","Health Care","Equity",1757991845.12,0.19894,1757991845.12,4727818,"46120E602","US46120E6023","2871301",371.84,"United States","NASDAQ","USD",1,"-",2026-08-25
"SPGI","S&P GLOBAL INC","Financials","Equity",1752427870.29,0.19831,1752427870.29,4047271,"78409V104","US78409V1044","BYV2325",432.99,"United States","NYSE","USD",1,"-",2026-08-25
"NOW","SERVICENOW INC","Information Technology","Equity",1748365820,0.19786,1748365820,13766660,"81762P102","US81762P1021","B80NXX8",127,"United States","NYSE","USD",1,"-",2026-08-25
"DELL","DELL TECHNOLOGIES INC CLASS C","Information Technology","Equity",1743473571,0.1973,1743473571,3861514,"24703L202","US24703L2025","BHKD3S6",451.5,"United States","NYSE","USD",1,"-",2026-08-25
"PGR","PROGRESSIVE","Financials","Equity",1732420818.15,0.19605,1732420818.15,7800535,"743315103","US7433151039","2705024",222.09,"United States","NYSE","USD",1,"-",2026-08-25
"PH","PARKER-HANNIFIN CORP","Industrials","Equity",1710389767.71,0.19356,1710389767.71,1682941,"701094104","US7010941042","2671501",1016.31,"United States","NYSE","USD",1,"-",2026-08-25
"CB","CHUBB","Financials","Equity",1652189591.85,0.18697,1652189591.85,4815335,"-","CH0044328745","B3BQMF6",343.11,"United States","NYSE","USD",1,"-",2026-08-25
"SBUX","STARBUCKS CORP","Consumer Discretionary","Equity",1608988643.84,0.18208,1608988643.84,15213584,"855244109","US8552441094","2842255",105.76,"United States","NASDAQ","USD",1,"-",2026-08-25
"LOW","LOWES COMPANIES INC","Consumer Discretionary","Equity",1604474926.4,0.18157,1604474926.4,7476584,"548661107","US5486611073","2536763",214.6,"United States","NYSE","USD",1,"-",2026-08-25
"CVS","CVS HEALTH","Health Care","Equity",1582328632.9,0.17907,1582328632.9,17032601,"126650100","US1266501006","2577609",92.9,"United States","NYSE","USD",1,"-",2026-08-25
"MDT","MEDTRONIC PLC","Health Care","Equity",1561996874.76,0.17676,1561996874.76,17138434,"G5960L103","IE00BTN1Y115","BTN1Y11",91.14,"United States","NYSE","USD",1,"-",2026-08-25
"GLW","CORNING","Information Technology","Equity",1538490989.36,0.1741,1538490989.36,10454546,"219350105","US2193501051","2224701",147.16,"United States","NYSE","USD",1,"-",2026-08-25
"FCX","FREEPORT MCMORAN INC","Materials","Equity",1533494875.25,0.17354,1533494875.25,19190275,"35671D857","US35671D8570","2352118",79.91,"United States","NYSE","USD",1,"-",2026-08-25
"ACN","ACCENTURE PLC CLASS A","Information Technology","Equity",1531998834.75,0.17337,1531998834.75,8195575,"G1151C101","IE00B4BNMY34","B4BNMY3",186.93,"United States","NYSE","USD",1,"-",2026-08-25
"SYK","STRYKER","Health Care","Equity",1523178548.45,0.17237,1523178548.45,4607455,"863667101","US8636671013","2853688",330.59,"United States","NYSE","USD",1,"-",2026-08-25
"MO","ALTRIA GROUP INC","Consumer Staples","Equity",1517391798.66,0.17172,1517391798.66,22291638,"02209S103","US02209S1033","2692632",68.07,"United States","NYSE","USD",1,"-",2026-08-25
"ADP","AUTOMATIC DATA PROCESSING INC","Industrials","Equity",1508867421.3,0.17075,1508867421.3,5335835,"053015103","US0530151036","2065308",282.78,"United States","NASDAQ","USD",1,"-",2026-08-25
"LMT","LOCKHEED MARTIN CORP","Industrials","Equity",1507203637.8,0.17056,1507203637.8,2708265,"539830109","US5398301094","2522096",556.52,"United States","NYSE","USD",1,"-",2026-08-25
"BNY","BANK OF NEW YORK MELLON CORP","Financials","Equity",1499444761.5,0.16969,1499444761.5,9162510,"064058100","US0640581007","B1Z77F6",163.65,"United States","NYSE","USD",1,"-",2026-08-25
"ADBE","ADOBE INC","Information Technology","Equity",1477992609.28,0.16726,1477992609.28,5395709,"00724F101","US00724F1012","2008154",273.92,"United States","NASDAQ","USD",1,"-",2026-08-25
"MCK","MCKESSON CORP","Health Care","Equity",1452387967.01,0.16436,1452387967.01,1604689,"58155Q103","US58155Q1031","2378534",905.09,"United States","NYSE","USD",1,"-",2026-08-25
"BX","BLACKSTONE","Financials","Equity",1422174598.04,0.16094,1422174598.04,9916844,"09260D107","US09260D1072","BKF2SL7",143.41,"United States","NYSE","USD",1,"-",2026-08-25
"EQIX","EQUINIX REIT","Real Estate","Equity",1412996981.44,0.1599,1412996981.44,1316326,"29444U700","US29444U7000","BVLZX12",1073.44,"United States","NASDAQ","USD",1,"-",2026-08-25
"HWM","HOWMET AEROSPACE","Industrials","Equity",1410320284.52,0.1596,1410320284.52,5341313,"443201108","US4432011082","BKLJ8V2",264.04,"United States","NYSE","USD",1,"-",2026-08-25
"MPC","MARATHON PETROLEUM","Energy","Equity",1383063177.6,0.15652,1383063177.6,3897270,"56585A102","US56585A1025","B3K3L40",354.88,"United States","NYSE","USD",1,"-",2026-08-25
"SO","SOUTHERN","Utilities","Equity",1353886733.94,0.15321,1353886733.94,15048202,"842587107","US8425871071","2829601",89.97,"United States","NYSE","USD",1,"-",2026-08-25
"VLO","VALERO ENERGY CORP","Energy","Equity",1349393069.43,0.15271,1349393069.43,3964023,"91913Y100","US91913Y1001","2041364",340.41,"United States","NYSE","USD",1,"-",2026-08-25
"TT","TRANE TECHNOLOGIES PLC","Industrials","Equity",1343240163.75,0.15201,1343240163.75,2950555,"-","IE00BK9ZQ967","BK9ZQ96",455.25,"United States","NYSE","USD",1,"-",2026-08-25
"CME","CME GROUP CLASS A","Financials","Equity",1341490574.16,0.15181,1341490574.16,4837338,"12572Q105","US12572Q1058","2965839",277.32,"United States","NASDAQ","USD",1,"-",2026-08-25
"INTU","INTUIT","Information Technology","Equity",1319682266.72,0.14934,1319682266.72,3691832,"461202103","US4612021034","2459020",357.46,"United States","NASDAQ","USD",1,"-",2026-08-25
"VRT","VERTIV HOLDINGS CLASS A","Industrials","Equity",1311309276.75,0.1484,1311309276.75,5127309,"92537N108","US92537N1081","BL3LWS8",255.75,"United States","NYSE","USD",1,"-",2026-08-25
"PNC","PNC FINANCIAL SERVICES GROUP","Financials","Equity",1308487209.96,0.14808,1308487209.96,5360236,"693475105","US6934751057","2692665",244.11,"United States","NYSE","USD",1,"-",2026-08-25
"USB","US BANCORP","Financials","Equity",1293228815,0.14635,1293228815,20721500,"902973304","US9029733048","2736035",62.41,"United States","NYSE","USD",1,"-",2026-08-25
"CMCSA","COMCAST CLASS A","Communication","Equity",1288868872.7,0.14586,1288868872.7,47559737,"20030N101","US20030N1019","2044545",27.1,"United States","NASDAQ","USD",1,"-",2026-08-25
"CSX","CSX","Industrials","Equity",1277669286.96,0.14459,1277669286.96,24804296,"126408103","US1264081035","2160753",51.51,"United States","NASDAQ","USD",1,"-",2026-08-25
"FTNT","FORTINET","Information Technology","Equity",1277394941.16,0.14456,1277394941.16,8313126,"34959E109","US34959E1091","B5B2106",153.66,"United States","NASDAQ","USD",1,"-",2026-08-25
"GD","GENERAL DYNAMICS CORP","Industrials","Equity",1276065807.7,0.14441,1276065807.7,3388565,"369550108","US3695501086","2365161",376.58,"United States","NYSE","USD",1,"-",2026-08-25
"PSX","PHILLIPS 66","Energy","Equity",1267902777.1,0.14348,1267902777.1,5352059,"718546104","US7185461040","B78C4Y8",236.9,"United States","NYSE","USD",1,"-",2026-08-25
"DUK","DUKE ENERGY CORP","Utilities","Equity",1265356610.91,0.1432,1265356610.91,10406749,"26441C204","US26441C2044","B7VD3F2",121.59,"United States","NYSE","USD",1,"-",2026-08-25
"MMM","3M","Industrials","Equity",1248828289.11,0.14132,1248828289.11,6962303,"88579Y101","US88579Y1010","2595708",179.37,"United States","NYSE","USD",1,"-",2026-08-25
"MRSH","MARSH INC","Financials","Equity",1243844557.4,0.14076,1243844557.4,6431461,"571748102","US5717481023","2567741",193.4,"United States","NYSE","USD",1,"-",2026-08-25
"CDNS","CADENCE DESIGN SYSTEMS","Information Technology","Equity",1221945941.1,0.13828,1221945941.1,3681669,"127387108","US1273871087","2302232",331.9,"United States","NASDAQ","USD",1,"-",2026-08-25
"ICE","INTERCONTINENTAL EXCHANGE INC","Financials","Equity",1221312164.48,0.13821,1221312164.48,7549216,"45866F104","US45866F1049","BFSSDS9",161.78,"United States","NYSE","USD",1,"-",2026-08-25
"XTSLA","BLK CSH FND TREASURY SL AGENCY","Cash and/or Derivatives","Money Market",1214140814.83,0.1374,1214140814.83,1214140815,"066922477","US0669224778","6922477",1,"United States","-","USD",1,"-",2026-08-25
"PWR","QUANTA SERVICES INC","Industrials","Equity",1209377981.58,0.13686,1209377981.58,2003011,"74762E102","US74762E1029","2150204",603.78,"United States","NYSE","USD",1,"-",2026-08-25
"CEG","CONSTELLATION ENERGY CORP","Utilities","Equity",1188162918.4,0.13446,1188162918.4,4267520,"21037T109","US21037T1097","BMH4FS1",278.42,"United States","NASDAQ","USD",1,"-",2026-08-25
"HOOD","ROBINHOOD MARKETS CLASS A","Financials","Equity",1183851761.62,0.13397,1183851761.62,10561618,"770700102","US7707001027","BP0TQN6",112.09,"United States","NASDAQ","USD",1,"-",2026-08-25
"DASH","DOORDASH CLASS A","Consumer Discretionary","Equity",1179570082,0.13349,1179570082,5051692,"25809K105","US25809K1051","BN13P03",233.5,"United States","NASDAQ","USD",1,"-",2026-08-25
"WMB","WILLIAMS","Energy","Equity",1160445114.16,0.13132,1160445114.16,16325902,"969457100","US9694571004","2967181",71.08,"United States","NYSE","USD",1,"-",2026-08-25
"EMR","EMERSON ELECTRIC","Industrials","Equity",1158645837.44,0.13112,1158645837.44,7477064,"291011104","US2910111044","2313405",154.96,"United States","NYSE","USD",1,"-",2026-08-25
"ELV","ELEVANCE HEALTH INC","Health Care","Equity",1156226406.85,0.13085,1156226406.85,2898755,"036752103","US0367521038","BSPHGL4",398.87,"United States","NYSE","USD",1,"-",2026-08-25
"JCI","JOHNSON CONTROLS INTERNATIONAL PLC","Industrials","Equity",1155078943.06,0.13072,1155078943.06,8144683,"-","IE00BY7QL619","BY7QL61",141.82,"United States","NYSE","USD",1,"-",2026-08-25
"TMUS","T MOBILE US INC","Communication","Equity",1128094305.91,0.12766,1128094305.91,6211631,"872590104","US8725901040","B94Q9V0",181.61,"United States","NASDAQ","USD",1,"-",2026-08-25
"APP","APPLOVIN CLASS A","Communication","Equity",1115220874.74,0.1262,1115220874.74,3591231,"03831W108","US03831W1080","BMV3LG4",310.54,"United States","NASDAQ","USD",1,"-",2026-08-25
"REGN","REGENERON PHARMACEUTICALS","Health Care","Equity",1111809830.04,0.12582,1111809830.04,1333809,"75886F107","US75886F1075","2730190",833.56,"United States","NASDAQ","USD",1,"-",2026-08-25
"AMT","AMERICAN TOWER REIT","Real Estate","Equity",1110587365.23,0.12568,1110587365.23,6219339,"03027X100","US03027X1000","B7FBFL2",178.57,"United States","NYSE","USD",1,"-",2026-08-25
"WM","WASTE MANAGEMENT INC","Industrials","Equity",1095535386.28,0.12398,1095535386.28,4931956,"94106L109","US94106L1098","2937667",222.13,"United States","NYSE","USD",1,"-",2026-08-25
"MDLZ","MONDELEZ INTERNATIONAL INC CLASS A","Consumer Staples","Equity",1079357838.16,0.12215,1079357838.16,17135384,"609207105","US6092071058","B8CKK03",62.99,"United States","NASDAQ","USD",1,"-",2026-08-25
"MSI","MOTOROLA SOLUTIONS INC","Information Technology","Equity",1075417463.86,0.1217,1075417463.86,2215574,"620076307","US6200763075","B5BKPQ4",485.39,"United States","NYSE","USD",1,"-",2026-08-25
"SHW","SHERWIN WILLIAMS","Materials","Equity",1072965055.1,0.12142,1072965055.1,3061678,"824348106","US8243481061","2804211",350.45,"United States","NYSE","USD",1,"-",2026-08-25
"SLB","SLB","Energy","Equity",1063537786.21,0.12036,1063537786.21,19957549,"806857108","AN8068571086","2779201",53.29,"United States","NYSE","USD",1,"-",2026-08-25
"ABNB","AIRBNB CLASS A","Consumer Discretionary","Equity",1062800071.5,0.12027,1062800071.5,5579003,"009066101","US0090661010","BMGYYH4",190.5,"United States","NASDAQ","USD",1,"-",2026-08-25
"CMI","CUMMINS INC","Industrials","Equity",1054792855.62,0.11937,1054792855.62,1841886,"231021106","US2310211063","2240202",572.67,"United States","NYSE","USD",1,"-",2026-08-25
"NSC","NORFOLK SOUTHERN CORP","Industrials","Equity",1053157313.52,0.11918,1053157313.52,2998398,"655844108","US6558441084","2641894",351.24,"United States","NYSE","USD",1,"-",2026-08-25
"TRV","TRAVELERS COMPANIES","Financials","Equity",1049411508.96,0.11876,1049411508.96,2838856,"89417E109","US89417E1091","2769503",369.66,"United States","NYSE","USD",1,"-",2026-08-25
"UPS","UNITED PARCEL SERVICE INC CLASS B","Industrials","Equity",1047842588.1,0.11858,1047842588.1,9966165,"911312106","US9113121068","2517382",105.14,"United States","NYSE","USD",1,"-",2026-08-25
"SNPS","SYNOPSYS","Information Technology","Equity",1045253137.76,0.11829,1045253137.76,2556944,"871607107","US8716071076","2867719",408.79,"United States","NASDAQ","USD",1,"-",2026-08-25
"MAR","MARRIOTT INTERNATIONAL CLASS A","Consumer Discretionary","Equity",1045208597.58,0.11828,1045208597.58,2921454,"571903202","US5719032022","2210614",357.77,"United States","NASDAQ","USD",1,"-",2026-08-25
"EOG","EOG RESOURCES","Energy","Equity",1044010194.39,0.11815,1044010194.39,7110333,"26875P101","US26875P1012","2318024",146.83,"United States","NYSE","USD",1,"-",2026-08-25
"ROST","ROSS STORES INC","Consumer Discretionary","Equity",1037165238,0.11737,1037165238,4300200,"778296103","US7782961038","2746711",241.19,"United States","NASDAQ","USD",1,"-",2026-08-25
"GM","GENERAL MOTORS","Consumer Discretionary","Equity",1032833186.8,0.11688,1032833186.8,12036280,"37045V100","US37045V1008","B665KZ5",85.81,"United States","NYSE","USD",1,"-",2026-08-25
"MCO","MOODYS CORP","Financials","Equity",1028977453.14,0.11645,1028977453.14,2005374,"615369105","US6153691059","2252058",513.11,"United States","NYSE","USD",1,"-",2026-08-25
"AON","AON PLC CLASS A","Financials","Equity",1011603298.16,0.11448,1011603298.16,2850952,"-","IE00BLP1HW54","BLP1HW5",354.83,"United States","NYSE","USD",1,"-",2026-08-25
"HLT","HILTON WORLDWIDE HOLDINGS INC","Consumer Discretionary","Equity",1000665076.32,0.11324,1000665076.32,3038672,"43300A203","US43300A2033","BYVMW06",329.31,"United States","NYSE","USD",1,"-",2026-08-25
"ORLY","OREILLY AUTOMOTIVE INC","Consumer Discretionary","Equity",999185322,0.11307,999185322,11062725,"67103H107","US67103H1077","B65LWX6",90.32,"United States","NASDAQ","USD",1,"Jan 01, 1970",2026-08-25
"KKR","KKR AND CO INC","Financials","Equity",992866255.26,0.11236,992866255.26,9229097,"48251W104","US48251W1045","BG1FRR1",107.58,"United States","NYSE","USD",1,"-",2026-08-25
"TGT","TARGET CORP","Consumer Staples","Equity",991723449,0.11223,991723449,6066700,"87612E106","US87612E1064","2259101",163.47,"United States","NYSE","USD",1,"-",2026-08-25
"BSX","BOSTON SCIENTIFIC CORP","Health Care","Equity",989292652.74,0.11195,989292652.74,19841409,"101137107","US1011371077","2113434",49.86,"United States","NYSE","USD",1,"-",2026-08-25
"CI","CIGNA","Health Care","Equity",986022504.24,0.11158,986022504.24,3530082,"125523100","US1255231003","BHJ0775",279.32,"United States","NYSE","USD",1,"-",2026-08-25
"DDOG","DATADOG INC CLASS A","Information Technology","Equity",984726961.86,0.11144,984726961.86,4416014,"23804L103","US23804L1035","BKT9Y49",222.99,"United States","NASDAQ","USD",1,"-",2026-08-25
"ITW","ILLINOIS TOOL INC","Industrials","Equity",984297464.1,0.11139,984297464.1,3494754,"452308109","US4523081093","2457552",281.65,"United States","NYSE","USD",1,"-",2026-08-25
"ECL","ECOLAB","Materials","Equity",978958771.82,0.11078,978958771.82,3381083,"278865100","US2788651006","2304227",289.54,"United States","NYSE","USD",1,"-",2026-08-25
"FDX","FEDEX CORP","Industrials","Equity",977974864.23,0.11067,977974864.23,2930613,"31428X106","US31428X1063","2142784",333.71,"United States","NYSE","USD",1,"-",2026-08-25
"CL","COLGATE-PALMOLIVE","Consumer Staples","Equity",975556373.12,0.1104,975556373.12,10681664,"194162103","US1941621039","2209106",91.33,"United States","NYSE","USD",1,"-",2026-08-25
"RCL","ROYAL CARIBBEAN GROUP","Consumer Discretionary","Equity",973192415.76,0.11013,973192415.76,3329544,"V7780T103","LR0008862868","2754907",292.29,"United States","NYSE","USD",1,"-",2026-08-25
"NOC","NORTHROP GRUMMAN CORP","Industrials","Equity",967038102.36,0.10944,967038102.36,1782493,"666807102","US6668071029","2648806",542.52,"United States","NYSE","USD",1,"-",2026-08-25
"WBD","WARNER BROS. DISCOVERY SERIES A","Communication","Equity",956140807.3,0.1082,956140807.3,33084457,"934423104","US9344231041","BM8JYX3",28.9,"United States","NASDAQ","USD",1,"-",2026-08-25
"SPG","SIMON PROPERTY GROUP REIT INC","Real Estate","Equity",947905660.66,0.10727,947905660.66,4328534,"828806109","US8288061091","2812452",218.99,"United States","NYSE","USD",1,"-",2026-08-25
"HPE","HEWLETT PACKARD ENTERPRISE","Information Technology","Equity",946531631.36,0.10711,946531631.36,17712044,"42824C109","US42824C1099","BYVYWS0",53.44,"United States","NYSE","USD",1,"-",2026-08-25
"CTAS","CINTAS","Industrials","Equity",929582347.88,0.1052,929582347.88,4539863,"172908105","US1729081059","2197137",204.76,"United States","NASDAQ","USD",1,"-",2026-08-25
"MNST","MONSTER BEVERAGE","Consumer Staples","Equity",928841068.1,0.10511,928841068.1,19060970,"61174X109","US61174X1090","BZ07BW4",48.73,"United States","NASDAQ","USD",1,"-",2026-08-25
"AJG","ARTHUR J GALLAGHER","Financials","Equity",920762677.56,0.1042,920762677.56,3429156,"363576109","US3635761097","2359506",268.51,"United States","NYSE","USD",1,"-",2026-08-25
"LITE","LUMENTUM HOLDINGS","Information Technology","Equity",919581322.78,0.10407,919581322.78,1038412,"55024U109","US55024U1097","BYM9ZP2",885.57,"United States","NASDAQ","USD",1,"-",2026-08-25
"HON","HONEYWELL INTERNATIONAL INC","Industrials","Equity",913912726.4,0.10342,913912726.4,4237355,"438516205","US4385162056","BN7RHC5",215.68,"United States","NASDAQ","USD",1,"-",2026-08-25
"PCAR","PACCAR INC","Industrials","Equity",907829941.2,0.10274,907829941.2,7025460,"693718108","US6937181088","2665861",129.22,"United States","NASDAQ","USD",1,"-",2026-08-25
"APD","AIR PRODUCTS AND CHEMICALS","Materials","Equity",903132139.6,0.1022,903132139.6,2972296,"009158106","US0091581068","2011602",303.85,"United States","NYSE","USD",1,"-",2026-08-25
"DLR","DIGITAL REALTY TRUST REIT","Real Estate","Equity",893090231.04,0.10107,893090231.04,4643772,"253868103","US2538681030","B03GQS4",192.32,"United States","NYSE","USD",1,"-",2026-08-25
"AEP","AMERICAN ELECTRIC POWER INC","Utilities","Equity",891690664.23,0.10091,891690664.23,7263099,"025537101","US0255371017","2026242",122.77,"United States","NASDAQ","USD",1,"-",2026-08-25
"TDG","TRANSDIGM GROUP","Industrials","Equity",890842385,0.10081,890842385,746975,"893641100","US8936411003","B11FJK3",1192.6,"United States","NYSE","USD",1,"-",2026-08-25
"HCA","HCA HEALTHCARE","Health Care","Equity",888723009,0.10057,888723009,2072775,"40412C101","US40412C1018","B4MGBG6",428.76,"United States","NYSE","USD",1,"-",2026-08-25
"ALL","ALLSTATE CORP","Financials","Equity",885557157.1,0.10021,885557157.1,3437455,"020002101","US0200021014","2019952",257.62,"United States","NYSE","USD",1,"-",2026-08-25
"URI","UNITED RENTALS","Industrials","Equity",880437677.68,0.09964,880437677.68,836012,"911363109","US9113631090","2134781",1053.14,"United States","NYSE","USD",1,"-",2026-08-25
"CRH","CRH PUBLIC LIMITED PLC","Materials","Equity",858061864.4,0.0971,858061864.4,8919562,"-","IE0001827041","B01ZKD6",96.2,"United States","NYSE","USD",1,"-",2026-08-25
"MPWR","MONOLITHIC POWER SYSTEMS INC","Information Technology","Equity",855677593.85,0.09683,855677593.85,656119,"609839105","US6098391054","B01Z7J1",1304.15,"United States","NASDAQ","USD",1,"-",2026-08-25
"COR","CENCORA","Health Care","Equity",852018076.46,0.09642,852018076.46,2597141,"03073E105","US03073E1055","2795393",328.06,"United States","NYSE","USD",1,"-",2026-08-25
"TFC","TRUIST FINANCIAL","Financials","Equity",836546845,0.09467,836546845,16631150,"89832Q109","US89832Q1094","BKP7287",50.3,"United States","NYSE","USD",1,"-",2026-08-25
"TRGP","TARGA RESOURCES","Energy","Equity",822122529.67,0.09304,822122529.67,2865437,"87612G101","US87612G1013","B55PZY3",286.91,"United States","NYSE","USD",1,"-",2026-08-25
"APO","APOLLO GLOBAL MANAGEMENT","Financials","Equity",819950105.08,0.09279,819950105.08,6156706,"03769M106","US03769M1062","BN44JF6",133.18,"United States","NYSE","USD",1,"-",2026-08-25
"BKR","BAKER HUGHES CLASS A","Energy","Equity",818546688.74,0.09263,818546688.74,13240807,"05722G100","US05722G1004","BDHLTQ5",61.82,"United States","NASDAQ","USD",1,"-",2026-08-25
"KMI","KINDER MORGAN","Energy","Equity",808626986.44,0.09151,808626986.44,26135326,"49456B101","US49456B1017","B3NQ4P8",30.94,"United States","NYSE","USD",1,"-",2026-08-25
"D","DOMINION ENERGY","Utilities","Equity",785740798.2,0.08892,785740798.2,11739740,"25746U109","US25746U1097","2542049",66.93,"United States","NYSE","USD",1,"-",2026-08-25
"TEL","TE CONNECTIVITY PLC","Information Technology","Equity",784841799.17,0.08882,784841799.17,3896737,"-","IE000IVNQZ81","BRC3N84",201.41,"United States","NYSE","USD",1,"-",2026-08-25
"O","REALTY INCOME REIT","Real Estate","Equity",782098729.65,0.08851,782098729.65,12447855,"756109104","US7561091049","2724193",62.83,"United States","NYSE","USD",1,"-",2026-08-25
"OKE","ONEOK","Energy","Equity",771214239.6,0.08728,771214239.6,8410188,"682680103","US6826801036","2130109",91.7,"United States","NYSE","USD",1,"-",2026-08-25
"FAST","FASTENAL","Industrials","Equity",770998083.57,0.08725,770998083.57,15324947,"311900104","US3119001044","2332262",50.31,"United States","NASDAQ","USD",1,"-",2026-08-25
"TER","TERADYNE","Information Technology","Equity",765724373.84,0.08665,765724373.84,2089688,"880770102","US8807701029","2884183",366.43,"United States","NASDAQ","USD",1,"-",2026-08-25
"NXPI","NXP SEMICONDUCTORS NV","Information Technology","Equity",757497175.25,0.08572,757497175.25,3370399,"-","NL0009538784","B505PN7",224.75,"United States","NASDAQ","USD",1,"-",2026-08-25
"GWW","WW GRAINGER INC","Industrials","Equity",754544845.6,0.08539,754544845.6,579670,"384802104","US3848021040","2380863",1301.68,"United States","NYSE","USD",1,"-",2026-08-25
"NUE","NUCOR","Materials","Equity",752522046.45,0.08516,752522046.45,3039879,"670346105","US6703461052","2651086",247.55,"United States","NYSE","USD",1,"-",2026-08-25
"COHR","COHERENT","Information Technology","Equity",752555119.66,0.08516,752555119.66,2611769,"19247G107","US19247G1076","BNG8Z81",288.14,"United States","NYSE","USD",1,"-",2026-08-25
"MRNA","MODERNA INC","Health Care","Equity",748708419.34,0.08473,748708419.34,4713898,"60770K107","US60770K1079","BGSXTS3",158.83,"United States","NASDAQ","USD",1,"-",2026-08-25
"CAH","CARDINAL HEALTH","Health Care","Equity",743817623.2,0.08417,743817623.2,3126335,"14149Y108","US14149Y1082","2175672",237.92,"United States","NYSE","USD",1,"-",2026-08-25
"CTVA","CORTEVA","Materials","Equity",741490830.3,0.08391,741490830.3,8928246,"22052L104","US22052L1044","BK73B42",83.05,"United States","NYSE","USD",1,"-",2026-08-25
"AME","AMETEK INC","Industrials","Equity",739693139.07,0.08371,739693139.07,3059491,"031100100","US0311001004","2089212",241.77,"United States","NYSE","USD",1,"-",2026-08-25
"PYPL","PAYPAL HOLDINGS","Financials","Equity",733254656.16,0.08298,733254656.16,11775408,"70450Y103","US70450Y1038","BYW36M8",62.27,"United States","NASDAQ","USD",1,"-",2026-08-25
"SRE","SEMPRA","Utilities","Equity",733257880.32,0.08298,733257880.32,8726144,"816851109","US8168511090","2138158",84.03,"United States","NYSE","USD",1,"-",2026-08-25
"KEYS","KEYSIGHT TECHNOLOGIES","Information Technology","Equity",732941309.96,0.08294,732941309.96,2289583,"49338L103","US49338L1035","BQZJ0Q9",320.12,"United States","NYSE","USD",1,"-",2026-08-25
"FIX","COMFORT SYSTEMS USA","Industrials","Equity",732348375.4,0.08288,732348375.4,468865,"199908104","US1999081045","2036047",1561.96,"United States","NYSE","USD",1,"-",2026-08-25
"CIEN","CIENA","Information Technology","Equity",731560163.88,0.08279,731560163.88,1887118,"171779309","US1717793095","B1FLZ21",387.66,"United States","NYSE","USD",1,"-",2026-08-25
"DAL","DELTA AIR LINES","Industrials","Equity",729409901.44,0.08254,729409901.44,8722912,"247361702","US2473617023","B1W9D46",83.62,"United States","NYSE","USD",1,"-",2026-08-25
"F","FORD MOTOR CO","Consumer Discretionary","Equity",728831267.55,0.08248,728831267.55,52245969,"345370860","US3453708600","2615468",13.95,"United States","NYSE","USD",1,"-",2026-08-25
"CVNA","CARVANA CLASS A","Consumer Discretionary","Equity",724476370.4,0.08199,724476370.4,9561520,"146869102","US1468691027","BYQHPG3",75.77,"United States","NYSE","USD",1,"-",2026-08-25
"PSA","PUBLIC STORAGE REIT","Real Estate","Equity",722452967.28,0.08176,722452967.28,2238984,"74460D109","US74460D1090","2852533",322.67,"United States","NYSE","USD",1,"-",2026-08-25
"DVN","DEVON ENERGY","Energy","Equity",721975954.42,0.0817,721975954.42,15390662,"25179M103","US25179M1036","2480677",46.91,"United States","NYSE","USD",1,"-",2026-08-25
"USD","USD CASH","Cash and/or Derivatives","Cash",718286000.77,0.08129,718286000.77,718286001,"-","-","-",100,"United States","-","USD",1,"-",2026-08-25
"STT","STATE STREET","Financials","Equity",712882524.55,0.08067,712882524.55,3694649,"857477103","US8574771031","2842040",192.95,"United States","NYSE","USD",1,"-",2026-08-25
"AFL","AFLAC","Financials","Equity",710421646.48,0.0804,710421646.48,6114836,"001055102","US0010551028","2026361",116.18,"United States","NYSE","USD",1,"-",2026-08-25
"ADSK","AUTODESK","Information Technology","Equity",708098438.71,0.08013,708098438.71,2818751,"052769106","US0527691069","2065159",251.21,"United States","NASDAQ","USD",1,"-",2026-08-25
"EW","EDWARDS LIFESCIENCES","Health Care","Equity",698478070.68,0.07904,698478070.68,7686564,"28176E108","US28176E1082","2567116",90.87,"United States","NYSE","USD",1,"-",2026-08-25
"BDX","BECTON DICKINSON","Health Care","Equity",698027350.86,0.07899,698027350.86,3678087,"075887109","US0758871091","2087807",189.78,"United States","NYSE","USD",1,"-",2026-08-25
"MET","METLIFE","Financials","Equity",691689491.03,0.07828,691689491.03,7214869,"59156R108","US59156R1086","2573209",95.87,"United States","NYSE","USD",1,"-",2026-08-25
"HONA","HONEYWELL AEROSPACE INC","Industrials","Equity",679502247.8,0.0769,679502247.8,4237355,"43849R105","US43849R1059","BN7RHB4",160.36,"United States","NASDAQ","USD",1,"-",2026-08-25
"AMP","AMERIPRISE FINANCE INC","Financials","Equity",673640936.72,0.07623,673640936.72,1202372,"03076C106","US03076C1062","B0J7D57",560.26,"United States","NYSE","USD",1,"-",2026-08-25
"WAB","WESTINGHOUSE AIR BRAKE TECHNOLOGIE","Industrials","Equity",672646304.4,0.07612,672646304.4,2265260,"929740108","US9297401088","2955733",296.94,"United States","NYSE","USD",1,"-",2026-08-25
"AZO","AUTOZONE","Consumer Discretionary","Equity",666683842.14,0.07545,666683842.14,220221,"053332102","US0533321024","2065955",3027.34,"United States","NYSE","USD",1,"-",2026-08-25
"FITB","FIFTH THIRD BANCORP","Financials","Equity",664086829.67,0.07515,664086829.67,12098503,"316773100","US3167731005","2336747",54.89,"United States","NYSE","USD",1,"-",2026-08-25
"AXON","AXON ENTERPRISE","Industrials","Equity",659900262.78,0.07468,659900262.78,1076053,"05464C101","US05464C1018","BDT5S35",613.26,"United States","NASDAQ","USD",1,"-",2026-08-25
"VMRK","VIVMARK RESIDENTIAL","Real Estate","Equity",658030370.76,0.07447,658030370.76,9731298,"29476L107","US29476L1070","2319157",67.62,"United States","NYSE","USD",1,"-",2026-08-25
"LHX","L3HARRIS TECHNOLOGIES","Industrials","Equity",651931322.58,0.07378,651931322.58,2486674,"502431109","US5024311095","BK9DTN5",262.17,"United States","NYSE","USD",1,"-",2026-08-25
"ETR","ENTERGY CORP","Utilities","Equity",649365015.04,0.07349,649365015.04,6112246,"29364G103","US29364G1031","2317087",106.24,"United States","NYSE","USD",1,"-",2026-08-25
"XEL","XCEL ENERGY INC","Utilities","Equity",643261321.2,0.0728,643261321.2,8333480,"98389B100","US98389B1008","2614807",77.19,"United States","NASDAQ","USD",1,"-",2026-08-25
"CMG","CHIPOTLE MEXICAN GRILL","Consumer Discretionary","Equity",640932455.28,0.07253,640932455.28,17123496,"169656105","US1696561059","B0X7DZ3",37.43,"United States","NYSE","USD",1,"-",2026-08-25
"ROK","ROCKWELL AUTOMATION INC","Industrials","Equity",637917928.2,0.07219,637917928.2,1485603,"773903109","US7739031091","2754060",429.4,"United States","NYSE","USD",1,"-",2026-08-25
"NKE","NIKE CLASS B","Consumer Discretionary","Equity",632153602.08,0.07154,632153602.08,16011996,"654106103","US6541061031","2640147",39.48,"United States","NYSE","USD",1,"-",2026-08-25
"GRMN","GARMIN","Consumer Discretionary","Equity",631732902.75,0.07149,631732902.75,2190095,"-","CH0114405324","B3Z5T14",288.45,"United States","NYSE","USD",1,"-",2026-08-25
"EBAY","EBAY","Consumer Discretionary","Equity",628252884,0.0711,628252884,5926914,"278642103","US2786421030","2293819",106,"United States","NASDAQ","USD",1,"-",2026-08-25
"HUM","HUMANA","Health Care","Equity",624645114.66,0.07069,624645114.66,1602846,"444859102","US4448591028","2445063",389.71,"United States","NYSE","USD",1,"-",2026-08-25
"CARR","CARRIER GLOBAL","Industrials","Equity",609913054.52,0.06902,609913054.52,10422301,"14448C104","US14448C1045","BK4N0D7",58.52,"United States","NYSE","USD",1,"-",2026-08-25
"VTR","VENTAS REIT","Real Estate","Equity",608971149.82,0.06891,608971149.82,6490154,"92276F100","US92276F1003","2927925",93.83,"United States","NYSE","USD",1,"-",2026-08-25
"EXC","EXELON CORP","Utilities","Equity",605229581.04,0.06849,605229581.04,13658984,"30161N101","US30161N1019","2670519",44.31,"United States","NASDAQ","USD",1,"-",2026-08-25
"FERG","FERGUSON ENTERPRISES INC","Industrials","Equity",601651580.86,0.06809,601651580.86,2585858,"31488V107","US31488V1070","BS6VHW3",232.67,"United States","NYSE","USD",1,"-",2026-08-25
"CBRE","CBRE GROUP CLASS A","Real Estate","Equity",593104772.34,0.06712,593104772.34,3908691,"12504L109","US12504L1098","B6WVMH3",151.74,"United States","NYSE","USD",1,"-",2026-08-25
"XYZ","BLOCK CLASS A","Financials","Equity",590974262.56,0.06688,590974262.56,7144273,"852234103","US8522341036","BYNZGK1",82.72,"United States","NYSE","USD",1,"-",2026-08-25
"RSG","REPUBLIC SERVICES INC","Industrials","Equity",589831728.8,0.06675,589831728.8,2669405,"760759100","US7607591002","2262530",220.96,"United States","NYSE","USD",1,"-",2026-08-25
"NDAQ","NASDAQ INC","Financials","Equity",588848921.55,0.06664,588848921.55,5964235,"631103108","US6311031081","2965107",98.73,"United States","NASDAQ","USD",1,"-",2026-08-25
"VST","VISTRA","Utilities","Equity",588213546.17,0.06657,588213546.17,4230839,"92840M102","US92840M1027","BZ8VJQ8",139.03,"United States","NYSE","USD",1,"-",2026-08-25
"IBKR","INTERACTIVE BROKERS GROUP INC CLAS","Financials","Equity",583917470.28,0.06608,583917470.28,5946812,"45841N107","US45841N1072","B1WT4X2",98.19,"United States","NASDAQ","USD",1,"-",2026-08-25
"A","AGILENT TECHNOLOGIES INC","Health Care","Equity",583837478.07,0.06607,583837478.07,3772291,"00846U101","US00846U1016","2520153",154.77,"United States","NYSE","USD",1,"-",2026-08-25
"IDXX","IDEXX LABORATORIES INC","Health Care","Equity",579218281.05,0.06555,579218281.05,1053105,"45168D104","US45168D1046","2459202",550.01,"United States","NASDAQ","USD",1,"-",2026-08-25
"KDP","KEURIG DR PEPPER INC","Consumer Staples","Equity",578285498.72,0.06544,578285498.72,18162233,"49271V100","US49271V1008","BD3W133",31.84,"United States","NASDAQ","USD",1,"-",2026-08-25
"IQV","IQVIA HOLDINGS","Health Care","Equity",577973232.48,0.06541,577973232.48,2227944,"46266C105","US46266C1053","BDR73G1",259.42,"United States","NYSE","USD",1,"-",2026-08-25
"YUM","YUM BRANDS","Consumer Discretionary","Equity",574938895.26,0.06506,574938895.26,3679138,"988498101","US9884981013","2098876",156.27,"United States","NYSE","USD",1,"-",2026-08-25
"OXY","OCCIDENTAL PETROLEUM CORP","Energy","Equity",566137523.16,0.06407,566137523.16,9692476,"674599105","US6745991058","2655408",58.41,"United States","NYSE","USD",1,"-",2026-08-25
"ROP","ROPER TECHNOLOGIES","Information Technology","Equity",556958203.2,0.06303,556958203.2,1347360,"776696106","US7766961061","2749602",413.37,"United States","NASDAQ","USD",1,"-",2026-08-25
"PRU","PRUDENTIAL FINANCIAL INC","Financials","Equity",556571205.45,0.06298,556571205.45,4632303,"744320102","US7443201022","2819118",120.15,"United States","NYSE","USD",1,"-",2026-08-25
"COIN","COINBASE GLOBAL INC CLASS A","Financials","Equity",555677852.84,0.06288,555677852.84,2968999,"19260Q107","US19260Q1076","BMC9P69",187.16,"United States","NASDAQ","USD",1,"-",2026-08-25
"MSCI","MSCI INC","Financials","Equity",547977195.92,0.06201,547977195.92,971608,"55354G100","US55354G1004","B2972D2",563.99,"United States","NYSE","USD",1,"-",2026-08-25
"WAT","WATERS CORP","Health Care","Equity",543182056.04,0.06147,543182056.04,1310641,"941848103","US9418481035","2937689",414.44,"United States","NYSE","USD",1,"-",2026-08-25
"TTWO","TAKE TWO INTERACTIVE SOFTWARE","Communication","Equity",541207730.54,0.06125,541207730.54,2323478,"874054109","US8740541094","2122117",232.93,"United States","NASDAQ","USD",1,"-",2026-08-25
"AIG","AMERICAN INTERNATIONAL GROUP","Financials","Equity",540587928.18,0.06118,540587928.18,7077611,"026874784","US0268747849","2027342",76.38,"United States","NYSE","USD",1,"-",2026-08-25
"PCG","PG&E CORP","Utilities","Equity",539738191.8,0.06108,539738191.8,29397505,"69331C108","US69331C1080","2689560",18.36,"United States","NYSE","USD",1,"-",2026-08-25
"PAYX","PAYCHEX","Industrials","Equity",537991207.26,0.06088,537991207.26,4304274,"704326107","US7043261079","2674458",124.99,"United States","NASDAQ","USD",1,"-",2026-08-25
"FLEX","FLEX LTD","Information Technology","Equity",536228497.5,0.06068,536228497.5,4908270,"Y2573F102","SG9999000020","2353058",109.25,"United States","NASDAQ","USD",1,"-",2026-08-25
"SYY","SYSCO","Consumer Staples","Equity",532750802.22,0.06029,532750802.22,6383307,"871829107","US8718291078","2868165",83.46,"United States","NYSE","USD",1,"-",2026-08-25
"MCHP","MICROCHIP TECHNOLOGY INC","Information Technology","Equity",530957752.5,0.06009,530957752.5,7223915,"595017104","US5950171042","2592174",73.5,"United States","NASDAQ","USD",1,"-",2026-08-25
"DHI","D R HORTON","Consumer Discretionary","Equity",530867422.8,0.06008,530867422.8,3520341,"23331A109","US23331A1097","2250687",150.8,"United States","NYSE","USD",1,"-",2026-08-25
"WDAY","WORKDAY CLASS A","Information Technology","Equity",528646449.9,0.05982,528646449.9,2719095,"98138H101","US98138H1014","B8K6ZD1",194.42,"United States","NASDAQ","USD",1,"-",2026-08-25
"ED","CONSOLIDATED EDISON","Utilities","Equity",526816404.2,0.05962,526816404.2,4919380,"209115104","US2091151041","2216850",107.09,"United States","NYSE","USD",1,"-",2026-08-25
"FANG","DIAMONDBACK ENERGY","Energy","Equity",517961964.15,0.05862,517961964.15,2591235,"25278X109","US25278X1090","B7Y8YR3",199.89,"United States","NASDAQ","USD",1,"-",2026-08-25
"EXPE","EXPEDIA GROUP","Consumer Discretionary","Equity",516666229.98,0.05847,516666229.98,1528734,"30212P303","US30212P3038","B748CK2",337.97,"United States","NASDAQ","USD",1,"-",2026-08-25
"ADM","ARCHER DANIELS MIDLAND","Consumer Staples","Equity",509679813.48,0.05768,509679813.48,6438603,"039483102","US0394831020","2047317",79.16,"United States","NYSE","USD",1,"-",2026-08-25
"UAL","UNITED AIRLINES HOLDINGS","Industrials","Equity",508785198.46,0.05758,508785198.46,4333406,"910047109","US9100471096","B4QG225",117.41,"United States","NASDAQ","USD",1,"-",2026-08-25
"HIG","HARTFORD INSURANCE GROUP","Financials","Equity",505769509.86,0.05724,505769509.86,3659163,"416515104","US4165151048","2476193",138.22,"United States","NYSE","USD",1,"-",2026-08-25
"KVUE","KENVUE","Consumer Staples","Equity",495432229.92,0.05607,495432229.92,25630224,"49177J102","US49177J1025","BQ84ZQ6",19.33,"United States","NYSE","USD",1,"-",2026-08-25
"VEEV","VEEVA SYSTEMS CLASS A","Health Care","Equity",494569330.2,0.05597,494569330.2,2004090,"922475108","US9224751084","BFH3N85",246.78,"United States","NYSE","USD",1,"-",2026-08-25
"NTAP","NETAPP INC","Information Technology","Equity",493756782.79,0.05588,493756782.79,2634353,"64110D104","US64110D1046","2630643",187.43,"United States","NASDAQ","USD",1,"-",2026-08-25
"KMB","KIMBERLY CLARK","Consumer Staples","Equity",491941832.2,0.05567,491941832.2,4431110,"494368103","US4943681035","2491839",111.02,"United States","NASDAQ","USD",1,"-",2026-08-25
"PEG","PUBLIC SERVICE ENTERPRISE GROUP","Utilities","Equity",487481863.04,0.05517,487481863.04,6652318,"744573106","US7445731067","2707677",73.28,"United States","NYSE","USD",1,"-",2026-08-25
"ODFL","OLD DOMINION FREIGHT LINE","Industrials","Equity",484502571.92,0.05483,484502571.92,2442788,"679580100","US6795801009","2656423",198.34,"United States","NASDAQ","USD",1,"-",2026-08-25
"IRM","IRON MOUNTAIN INC","Real Estate","Equity",480179255.4,0.05434,480179255.4,3971706,"46284V101","US46284V1017","BVFTF03",120.9,"United States","NYSE","USD",1,"-",2026-08-25
"VMC","VULCAN MATERIALS","Materials","Equity",474678381.06,0.05372,474678381.06,1731834,"929160109","US9291601097","2931205",274.09,"United States","NYSE","USD",1,"-",2026-08-25
"MTB","M&T BANK","Financials","Equity",469958035.79,0.05318,469958035.79,1954819,"55261F104","US55261F1049","2340168",240.41,"United States","NYSE","USD",1,"-",2026-08-25
"ACGL","ARCH CAPITAL GROUP","Financials","Equity",467102105.04,0.05286,467102105.04,4645009,"G0450A105","BMG0450A1053","2740542",100.56,"United States","NASDAQ","USD",1,"-",2026-08-25
"WEC","WEC ENERGY GROUP","Utilities","Equity",463791773.04,0.05249,463791773.04,4347912,"92939U106","US92939U1060","BYY8XK8",106.67,"United States","NYSE","USD",1,"-",2026-08-25
"NTRS","NORTHERN TRUST","Financials","Equity",461534326.32,0.05223,461534326.32,2470476,"665859104","US6658591044","2648668",186.82,"United States","NASDAQ","USD",1,"-",2026-08-25
"DXCM","DEXCOM INC","Health Care","Equity",459756036.48,0.05203,459756036.48,5156528,"252131107","US2521311074","B0796X4",89.16,"United States","NASDAQ","USD",1,"-",2026-08-25
"HBAN","HUNTINGTON BANCSHARES INC","Financials","Equity",458667474.6,0.05191,458667474.6,27060028,"446150104","US4461501045","2445966",16.95,"United States","NASDAQ","USD",1,"-",2026-08-25
"RMD","RESMED","Health Care","Equity",458074911.45,0.05184,458074911.45,1936155,"761152107","US7611521078","2732903",236.59,"United States","NYSE","USD",1,"-",2026-08-25
"EQT","EQT","Energy","Equity",451487250,0.05109,451487250,8360875,"26884L109","US26884L1098","2319414",54,"United States","NYSE","USD",1,"-",2026-08-25
"CCL","CARNIVAL CORP LTD","Consumer Discretionary","Equity",448901697.2,0.0508,448901697.2,17172980,"-","BMG2004J1036","BVV7RC7",26.14,"United States","NYSE","USD",1,"-",2026-08-25
"GEHC","GE HEALTHCARE TECHNOLOGIES","Health Care","Equity",448788984.91,0.05079,448788984.91,6072101,"36266G107","US36266G1076","BL6JPG8",73.91,"United States","NASDAQ","USD",1,"-",2026-08-25
"CCI","CROWN CASTLE INC","Real Estate","Equity",444496284.87,0.0503,444496284.87,5826403,"22822V101","US22822V1017","BTGQCX1",76.29,"United States","NYSE","USD",1,"-",2026-08-25
"KR","KROGER","Consumer Staples","Equity",442596843.5,0.05009,442596843.5,7572230,"501044101","US5010441013","2497406",58.45,"United States","NYSE","USD",1,"-",2026-08-25
"EME","EMCOR GROUP INC","Industrials","Equity",438992986.06,0.04968,438992986.06,593338,"29084Q100","US29084Q1004","2474164",739.87,"United States","NYSE","USD",1,"-",2026-08-25
"WTW","WILLIS TOWERS WATSON","Financials","Equity",437289037.46,0.04949,437289037.46,1260853,"-","IE00BDB6Q211","BDB6Q21",346.82,"United States","NASDAQ","USD",1,"-",2026-08-25
"CBOE","CBOE GLOBAL MARKETS","Financials","Equity",436492982.04,0.0494,436492982.04,1413422,"12503M108","US12503M1080","B5834C5",308.82,"United States","Cboe BZX","USD",1,"-",2026-08-25
"BIIB","BIOGEN","Health Care","Equity",435121553.79,0.04924,435121553.79,1970927,"09062X103","US09062X1037","2455965",220.77,"United States","NASDAQ","USD",1,"-",2026-08-25
"JBL","JABIL","Information Technology","Equity",434669285.4,0.04919,434669285.4,1408155,"466313103","US4663131039","2471789",308.68,"United States","NYSE","USD",1,"-",2026-08-25
"ZTS","ZOETIS INC CLASS A","Health Care","Equity",432552480.23,0.04895,432552480.23,5596487,"98978V103","US98978V1035","B95WG16",77.29,"United States","NYSE","USD",1,"-",2026-08-25
"MLM","MARTIN MARIETTA MATERIALS","Materials","Equity",426251823.58,0.04824,426251823.58,801617,"573284106","US5732841060","2572079",531.74,"United States","NYSE","USD",1,"-",2026-08-25
"STLD","STEEL DYNAMICS INC","Materials","Equity",418191484.08,0.04732,418191484.08,1809726,"858119100","US8581191009","2849472",231.08,"United States","NASDAQ","USD",1,"-",2026-08-25
"EXR","EXTRA SPACE STORAGE REIT","Real Estate","Equity",408570486.72,0.04624,408570486.72,2820256,"30225T102","US30225T1025","B02HWR9",144.87,"United States","NYSE","USD",1,"-",2026-08-25
"CNC","CENTENE CORP","Health Care","Equity",406863470,0.04604,406863470,6259438,"15135B101","US15135B1017","2807061",65,"United States","NYSE","USD",1,"-",2026-08-25
"CASY","CASEYS GENERAL STORES INC","Consumer Staples","Equity",406734230.28,0.04603,406734230.28,493059,"147528103","US1475281036","2179414",824.92,"United States","NASDAQ","USD",1,"-",2026-08-25
"RJF","RAYMOND JAMES","Financials","Equity",404532094.79,0.04578,404532094.79,2315449,"754730109","US7547301090","2718992",174.71,"United States","NYSE","USD",1,"-",2026-08-25
"ARES","ARES MANAGEMENT CLASS A","Financials","Equity",402000168.16,0.04549,402000168.16,2815916,"03990B101","US03990B1017","BF14BT1",142.76,"United States","NYSE","USD",1,"-",2026-08-25
"CTSH","COGNIZANT TECHNOLOGY SOLUTIONS CLA","Information Technology","Equity",398880102.36,0.04514,398880102.36,6325406,"192446102","US1924461023","2257019",63.06,"United States","NASDAQ","USD",1,"-",2026-08-25
"AEE","AMEREN","Utilities","Equity",394678520.82,0.04466,394678520.82,3694454,"023608102","US0236081024","2050832",106.83,"United States","NYSE","USD",1,"-",2026-08-25
"LYV","LIVE NATION ENTERTAINMENT","Communication","Equity",394537617.25,0.04465,394537617.25,2112425,"538034109","US5380341090","B0T7YX2",186.77,"United States","NYSE","USD",1,"-",2026-08-25
"CPRT","COPART INC","Industrials","Equity",394306998.69,0.04462,394306998.69,11830393,"217204106","US2172041061","2208073",33.33,"United States","NASDAQ","USD",1,"-",2026-08-25
"CFG","CITIZENS FINANCIAL GROUP INC","Financials","Equity",394203268.55,0.04461,394203268.55,5645185,"174610105","US1746101054","BQRX1X3",69.83,"United States","NYSE","USD",1,"-",2026-08-25
"TDY","TELEDYNE TECHNOLOGIES INC","Information Technology","Equity",387732634.8,0.04388,387732634.8,618492,"879360105","US8793601050","2503477",626.9,"United States","NYSE","USD",1,"-",2026-08-25
"EIX","EDISON INTERNATIONAL","Utilities","Equity",384132596.08,0.04347,384132596.08,5136836,"281020107","US2810201077","2829515",74.78,"United States","NYSE","USD",1,"-",2026-08-25
"VICI","VICI PPTYS INC","Real Estate","Equity",383524487.83,0.0434,383524487.83,14588227,"925652109","US9256521090","BYWH073",26.29,"United States","NYSE","USD",1,"-",2026-08-25
"ON","ON SEMICONDUCTOR CORP","Information Technology","Equity",379346941.5,0.04293,379346941.5,5231650,"682189105","US6821891057","2583576",72.51,"United States","NASDAQ","USD",1,"-",2026-08-25
"MTD","METTLER TOLEDO","Health Care","Equity",378493917.75,0.04283,378493917.75,269919,"592688105","US5926881054","2126249",1402.25,"United States","NYSE","USD",1,"-",2026-08-25
"DTE","DTE ENERGY","Utilities","Equity",378063775.08,0.04278,378063775.08,2777022,"233331107","US2333311072","2280220",136.14,"United States","NYSE","USD",1,"-",2026-08-25
"HAL","HALLIBURTON","Energy","Equity",376937938,0.04266,376937938,11152010,"406216101","US4062161017","2405302",33.8,"United States","NYSE","USD",1,"-",2026-08-25
"IR","INGERSOLL RAND INC","Industrials","Equity",373506930.27,0.04227,373506930.27,4753811,"45687V106","US45687V1061","BL5GZ82",78.57,"United States","NYSE","USD",1,"-",2026-08-25
"ATO","ATMOS ENERGY","Utilities","Equity",373357694.68,0.04225,373357694.68,2228203,"049560105","US0495601058","2315359",167.56,"United States","NYSE","USD",1,"-",2026-08-25
"FISV","FISERV INC","Financials","Equity",373291203.36,0.04224,373291203.36,7118444,"337738108","US3377381088","2342034",52.44,"United States","NASDAQ","USD",1,"-",2026-08-25
"HSY","HERSHEY FOODS","Consumer Staples","Equity",370358653.14,0.04191,370358653.14,1978623,"427866108","US4278661081","2422806",187.18,"United States","NYSE","USD",1,"-",2026-08-25
"LH","LABCORP HOLDINGS","Health Care","Equity",369703545.12,0.04184,369703545.12,1094834,"504922105","US5049221055","BSBK800",337.68,"United States","NYSE","USD",1,"-",2026-08-25
"WSM","WILLIAMS SONOMA INC","Consumer Discretionary","Equity",368887806.76,0.04175,368887806.76,1571474,"969904101","US9699041011","2967589",234.74,"United States","NYSE","USD",1,"-",2026-08-25
"OTIS","OTIS WORLDWIDE","Industrials","Equity",366032983.68,0.04142,366032983.68,5122208,"68902V107","US68902V1070","BK531S8",71.46,"United States","NYSE","USD",1,"-",2026-08-25
"DOV","DOVER CORP","Industrials","Equity",363186281.08,0.0411,363186281.08,1797418,"260003108","US2600031080","2278407",202.06,"United States","NYSE","USD",1,"-",2026-08-25
"SYF","SYNCHRONY FINANCIAL","Financials","Equity",362699058.09,0.04105,362699058.09,4490517,"87165B103","US87165B1035","BP96PS6",80.77,"United States","NYSE","USD",1,"-",2026-08-25
"DGX","QUEST DIAGNOSTICS INC","Health Care","Equity",360498942.23,0.0408,360498942.23,1474373,"74834L100","US74834L1008","2702791",244.51,"United States","NYSE","USD",1,"-",2026-08-25
"DG","DOLLAR GENERAL CORP","Consumer Staples","Equity",360360193.68,0.04078,360360193.68,2939796,"256677105","US2566771059","B5B1S13",122.58,"United States","NYSE","USD",1,"-",2026-08-25
"HPQ","HP INC","Information Technology","Equity",360398078.64,0.04078,360398078.64,12208607,"40434L105","US40434L1052","BYX4D52",29.52,"United States","NYSE","USD",1,"-",2026-08-25
"CPAY","CORPAY","Financials","Equity",359802721.88,0.04072,359802721.88,872524,"219948106","US2199481068","BMX5GK7",412.37,"United States","NYSE","USD",1,"-",2026-08-25
"AWK","AMERICAN WATER WORKS","Utilities","Equity",358740124.8,0.0406,358740124.8,2607123,"030420103","US0304201033","B2R3PV1",137.6,"United States","NYSE","USD",1,"-",2026-08-25
"XYL","XYLEM INC","Industrials","Equity",357931013.46,0.04051,357931013.46,3172866,"98419M100","US98419M1009","B3P2CN8",112.81,"United States","NYSE","USD",1,"-",2026-08-25
"ES","EVERSOURCE ENERGY","Utilities","Equity",356979874.86,0.0404,356979874.86,5025762,"30040W108","US30040W1080","BVVN4Q8",71.03,"United States","NYSE","USD",1,"-",2026-08-25
"CINF","CINCINNATI FINANCIAL","Financials","Equity",353978014.5,0.04006,353978014.5,2064975,"172062101","US1720621010","2196888",171.42,"United States","NASDAQ","USD",1,"-",2026-08-25
"Q","QNITY ELECTRONICS","Information Technology","Equity",353861621.88,0.04005,353861621.88,2794674,"74743L100","US74743L1008","BW1P234",126.62,"United States","NYSE","USD",1,"-",2026-08-25
"FICO","FAIR ISAAC","Information Technology","Equity",351684424.94,0.0398,351684424.94,309271,"303250104","US3032501047","2330299",1137.14,"United States","NYSE","USD",1,"-",2026-08-25
"PPL","PPL CORP","Utilities","Equity",351402365.63,0.03977,351402365.63,10042937,"69351T106","US69351T1060","2680905",34.99,"United States","NYSE","USD",1,"-",2026-08-25
"TPR","TAPESTRY","Consumer Discretionary","Equity",350910478.64,0.03971,350910478.64,2696822,"876030107","US8760301072","BF09HX3",130.12,"United States","NYSE","USD",1,"-",2026-08-25
"RF","REGIONS FINANCIAL","Financials","Equity",348929731.32,0.03949,348929731.32,11391764,"7591EP100","US7591EP1005","B01R311",30.63,"United States","NYSE","USD",1,"-",2026-08-25
"EL","ESTEE LAUDER INC CLASS A","Consumer Staples","Equity",346132812.15,0.03917,346132812.15,3301219,"518439104","US5184391044","2320524",104.85,"United States","NYSE","USD",1,"-",2026-08-25
"SW","SMURFIT WESTROCK PLC","Materials","Equity",345818854.19,0.03913,345818854.19,6996133,"-","IE00028FXN24","BRK49M5",49.43,"United States","NYSE","USD",1,"-",2026-08-25
"CNP","CENTERPOINT ENERGY","Utilities","Equity",340467765.2,0.03853,340467765.2,8745640,"15189T107","US15189T1079","2440637",38.93,"United States","NYSE","USD",1,"-",2026-08-25
"PPG","PPG INDUSTRIES","Materials","Equity",338196828.75,0.03827,338196828.75,2975775,"693506107","US6935061076","2698470",113.65,"United States","NYSE","USD",1,"-",2026-08-25
"DRI","DARDEN RESTAURANTS INC","Consumer Discretionary","Equity",337051192.41,0.03814,337051192.41,1529201,"237194105","US2371941053","2289874",220.41,"United States","NYSE","USD",1,"-",2026-08-25
"OMC","OMNICOM GROUP INC","Communication","Equity",335580361.2,0.03798,335580361.2,3804766,"681919106","US6819191064","2279303",88.2,"United States","NYSE","USD",1,"-",2026-08-25
"PHM","PULTEGROUP","Consumer Discretionary","Equity",332774231.94,0.03766,332774231.94,2542979,"745867101","US7458671010","2708841",130.86,"United States","NYSE","USD",1,"-",2026-08-25
"EXPD","EXPEDITORS INTERNATIONAL OF WASHIN","Industrials","Equity",330065608.85,0.03735,330065608.85,1745917,"302130109","US3021301094","2325507",189.05,"United States","NYSE","USD",1,"-",2026-08-25
"VRSK","VERISK ANALYTICS","Industrials","Equity",329652988.35,0.03731,329652988.35,1748915,"92345Y106","US92345Y1064","B4P9W92",188.49,"United States","NASDAQ","USD",1,"-",2026-08-25
"WST","WEST PHARMACEUTICAL SERVICES","Health Care","Equity",328630579.2,0.03719,328630579.2,943040,"955306105","US9553061055","2950482",348.48,"United States","NYSE","USD",1,"-",2026-08-25
"HUBB","HUBBELL INC","Industrials","Equity",327519002.49,0.03706,327519002.49,705571,"443510607","US4435106079","BDFG6S3",464.19,"United States","NYSE","USD",1,"-",2026-08-25
"DLTR","DOLLAR TREE INC","Consumer Staples","Equity",325073528.24,0.03679,325073528.24,2417263,"256746108","US2567461080","2272476",134.48,"United States","NASDAQ","USD",1,"-",2026-08-25
"CHD","CHURCH AND DWIGHT INC","Consumer Staples","Equity",324412151.2,0.03671,324412151.2,3163145,"171340102","US1713401024","2195841",102.56,"United States","NYSE","USD",1,"-",2026-08-25
"FE","FIRSTENERGY CORP","Utilities","Equity",323990118.9,0.03666,323990118.9,6949595,"337932107","US3379321074","2100920",46.62,"United States","NYSE","USD",1,"-",2026-08-25
"VLTO","VERALTO CORP","Industrials","Equity",323833346.97,0.03665,323833346.97,3278661,"92338C103","US92338C1036","BPGMZQ5",98.77,"United States","NYSE","USD",1,"-",2026-08-25
"TROW","T ROWE PRICE GROUP","Financials","Equity",322869601.28,0.03654,322869601.28,2860544,"74144T108","US74144T1088","2702337",112.87,"United States","NASDAQ","USD",1,"-",2026-08-25
"VRSN","VERISIGN","Information Technology","Equity",321226200,0.03635,321226200,1093536,"92343E102","US92343E1029","2142922",293.75,"United States","NASDAQ","USD",1,"-",2026-08-25
"NRG","NRG ENERGY INC","Utilities","Equity",320003810.07,0.03621,320003810.07,2816687,"629377508","US6293775085","2212922",113.61,"United States","NYSE","USD",1,"-",2026-08-25
"ULTA","ULTA BEAUTY INC","Consumer Discretionary","Equity",312275241.6,0.03534,312275241.6,581280,"90384S303","US90384S3031","B28TS42",537.22,"United States","NASDAQ","USD",1,"-",2026-08-25
"STE","STERIS","Health Care","Equity",309547484.44,0.03503,309547484.44,1309201,"G8473T100","IE00BFY8C754","BFY8C75",236.44,"United States","NYSE","USD",1,"-",2026-08-25
"EFX","EQUIFAX","Industrials","Equity",304982290.4,0.03451,304982290.4,1589360,"294429105","US2944291051","2319146",191.89,"United States","NYSE","USD",1,"-",2026-08-25
"EXE","EXPAND ENERGY","Energy","Equity",302217479.58,0.0342,302217479.58,3192663,"165167735","US1651677353","BMZ5LZ5",94.66,"United States","NASDAQ","USD",1,"-",2026-08-25
"IFF","INTERNATIONAL FLAVORS & FRAGRANCES","Materials","Equity",297023150.72,0.03361,297023150.72,3407792,"459506101","US4595061015","2464165",87.16,"United States","NYSE","USD",1,"-",2026-08-25
"FSLR","FIRST SOLAR","Information Technology","Equity",296600562,0.03357,296600562,1434100,"336433107","US3364331070","B1HMF22",206.82,"United States","NASDAQ","USD",1,"-",2026-08-25
"PFG","PRINCIPAL FINANCIAL GROUP INC","Financials","Equity",292796983.76,0.03313,292796983.76,2623864,"74251V102","US74251V1026","2803014",111.59,"United States","NASDAQ","USD",1,"-",2026-08-25
"AMCR","AMCOR PLC","Materials","Equity",291751858.1,0.03302,291751858.1,6172030,"-","JE00BV7DQ550","BV7DQ55",47.27,"United States","NYSE","USD",1,"-",2026-08-25
"PKG","PACKAGING CORP OF AMERICA","Materials","Equity",291334099.14,0.03297,291334099.14,1181691,"695156109","US6951561090","2504566",246.54,"United States","NYSE","USD",1,"-",2026-08-25
"GPN","GLOBAL PAYMENTS INC","Financials","Equity",291190728.94,0.03295,291190728.94,3103717,"37940X102","US37940X1028","2712013",93.82,"United States","NYSE","USD",1,"-",2026-08-25
"INCY","INCYTE CORP","Health Care","Equity",290742473.76,0.0329,290742473.76,2241308,"45337C102","US45337C1027","2471950",129.72,"United States","NASDAQ","USD",1,"-",2026-08-25
"IP","INTERNATIONAL PAPER","Materials","Equity",290141238.58,0.03283,290141238.58,7078342,"460146103","US4601461035","2465254",40.99,"United States","NYSE","USD",1,"-",2026-08-25
"DOW","DOW","Materials","Equity",289836996.8,0.0328,289836996.8,9609980,"260557103","US2605571031","BHXCF84",30.16,"United States","NYSE","USD",1,"-",2026-08-25
"SMCI","SUPER MICRO COMPUTER INC","Information Technology","Equity",288927365.52,0.0327,288927365.52,7512412,"86800U302","US86800U3023","BRC3N73",38.46,"United States","NASDAQ","USD",1,"-",2026-08-25
"KHC","KRAFT HEINZ","Consumer Staples","Equity",288564393.36,0.03266,288564393.36,11396698,"500754106","US5007541064","BYRY499",25.32,"United States","NASDAQ","USD",1,"-",2026-08-25
"TPL","TEXAS PACIFIC LAND","Energy","Equity",288398918.17,0.03264,288398918.17,773623,"88262P102","US88262P1021","BM99VY2",372.79,"United States","NYSE","USD",1,"-",2026-08-25
"FFIV","F5 INC","Information Technology","Equity",288314092.5,0.03263,288314092.5,753270,"315616102","US3156161024","2427599",382.75,"United States","NASDAQ","USD",1,"-",2026-08-25
"BR","BROADRIDGE FINANCIAL SOLUTIONS INC","Industrials","Equity",285320680.32,0.03229,285320680.32,1543776,"11133T103","US11133T1034","B1VP7R6",184.82,"United States","NYSE","USD",1,"-",2026-08-25
"BRO","BROWN & BROWN INC","Financials","Equity",285358606,0.03229,285358606,3890900,"115236101","US1152361010","2692687",73.34,"United States","NYSE","USD",1,"-",2026-08-25
"CMS","CMS ENERGY","Utilities","Equity",283487746.92,0.03208,283487746.92,4124058,"125896100","US1258961002","2219224",68.74,"United States","NYSE","USD",1,"-",2026-08-25
"GIS","GENERAL MILLS INC","Consumer Staples","Equity",283392163.08,0.03207,283392163.08,7123986,"370334104","US3703341046","2367026",39.78,"United States","NYSE","USD",1,"-",2026-08-25
"RDDT","REDDIT CLASS A","Communication","Equity",283075460.55,0.03203,283075460.55,1742539,"75734B100","US75734B1008","BMVNLY2",162.45,"United States","NYSE","USD",1,"-",2026-08-25
"FIS","FIDELITY NATIONAL INFORMATION SERV","Financials","Equity",279224667.09,0.0316,279224667.09,6899547,"31620M106","US31620M1062","2769796",40.47,"United States","NYSE","USD",1,"-",2026-08-25
"SNA","SNAP ON INC","Industrials","Equity",272812988.16,0.03087,272812988.16,691436,"833034101","US8330341012","2818740",394.56,"United States","NYSE","USD",1,"-",2026-08-25
"KEY","KEYCORP","Financials","Equity",269302885.17,0.03048,269302885.17,12302553,"493267108","US4932671088","2490911",21.89,"United States","NYSE","USD",1,"-",2026-08-25
"WRB","WR BERKLEY","Financials","Equity",268850014.72,0.03042,268850014.72,3925964,"084423102","US0844231029","2093644",68.48,"United States","NYSE","USD",1,"-",2026-08-25
"LUV","SOUTHWEST AIRLINES","Industrials","Equity",266333641.34,0.03014,266333641.34,6524587,"844741108","US8447411088","2831543",40.82,"United States","NYSE","USD",1,"-",2026-08-25
"SBAC","SBA COMMUNICATIONS REIT CORP CLASS","Real Estate","Equity",265681177.2,0.03007,265681177.2,1416060,"78410G104","US78410G1040","BZ6TS23",187.62,"United States","NASDAQ","USD",1,"-",2026-08-25
"CF","CF INDUSTRIES HOLDINGS INC","Materials","Equity",260960246.82,0.02953,260960246.82,2050607,"125269100","US1252691001","B0G4K50",127.26,"United States","NYSE","USD",1,"-",2026-08-25
"JBHT","JB HUNT TRANSPORT SERVICES","Industrials","Equity",260674824.62,0.0295,260674824.62,994259,"445658107","US4456581077","2445416",262.18,"United States","NASDAQ","USD",1,"-",2026-08-25
"NI","NISOURCE","Utilities","Equity",260169999.9,0.02944,260169999.9,6400246,"65473P105","US65473P1057","2645409",40.65,"United States","NYSE","USD",1,"-",2026-08-25
"VTRS","VIATRIS","Health Care","Equity",259924104,0.02941,259924104,15545700,"92556V106","US92556V1061","BMWS3X9",16.72,"United States","NASDAQ","USD",1,"-",2026-08-25
"ZBH","ZIMMER BIOMET HOLDINGS","Health Care","Equity",258843737.6,0.02929,258843737.6,2582240,"98956P102","US98956P1021","2783815",100.24,"United States","NYSE","USD",1,"-",2026-08-25
"GPC","GENUINE PARTS","Consumer Discretionary","Equity",253436497.9,0.02868,253436497.9,1837162,"372460105","US3724601055","2367480",137.95,"United States","NYSE","USD",1,"-",2026-08-25
"LEN","LENNAR A CORP CLASS A","Consumer Discretionary","Equity",251924368,0.02851,251924368,2873225,"526057104","US5260571048","2511920",87.68,"United States","NYSE","USD",1,"-",2026-08-25
"STZ","CONSTELLATION BRANDS CLASS A","Consumer Staples","Equity",251336776.16,0.02844,251336776.16,1861616,"21036P108","US21036P1084","2170473",135.01,"United States","NYSE","USD",1,"-",2026-08-25
"EVRG","EVERGY","Utilities","Equity",250509153.3,0.02835,250509153.3,3077130,"30034W106","US30034W1062","BFMXGR0",81.41,"United States","NASDAQ","USD",1,"-",2026-08-25
"ESS","ESSEX PROPERTY TRUST REIT","Real Estate","Equity",250425916,0.02834,250425916,857623,"297178105","US2971781057","2316619",292,"United States","NYSE","USD",1,"-",2026-08-25
"L","LOEWS","Financials","Equity",249581684.59,0.02824,249581684.59,2252339,"540424108","US5404241086","2523022",110.81,"United States","NYSE","USD",1,"-",2026-08-25
"DD","DUPONT DE NEMOURS","Industrials","Equity",247786384.92,0.02804,247786384.92,1821423,"26614N201","US26614N2018","BW60F13",136.04,"United States","NYSE","USD",1,"-",2026-08-25
"TSCO","TRACTOR SUPPLY","Consumer Discretionary","Equity",247695167.72,0.02803,247695167.72,7000994,"892356106","US8923561067","2900335",35.38,"United States","NASDAQ","USD",1,"-",2026-08-25
"CDW","CDW","Information Technology","Equity",242293715.17,0.02742,242293715.17,1705213,"12514G108","US12514G1085","BBM5MD6",142.09,"United States","NASDAQ","USD",1,"-",2026-08-25
"FTV","FORTIVE","Industrials","Equity",242133227,0.0274,242133227,4069466,"34959J108","US34959J1088","BYT3MK1",59.5,"United States","NYSE","USD",1,"-",2026-08-25
"J","JACOBS SOLUTIONS INC","Industrials","Equity",237585097.29,0.02689,237585097.29,1574767,"46982L108","US46982L1089","BNGC0D3",150.87,"United States","NYSE","USD",1,"-",2026-08-25
"CHTR","CHARTER COMMUNICATIONS CLASS A","Communication","Equity",236967662.16,0.02682,236967662.16,1527444,"16119P108","US16119P1084","BZ6VT82",155.14,"United States","NASDAQ","USD",1,"-",2026-08-25
"NDSN","NORDSON","Industrials","Equity",236480199.28,0.02676,236480199.28,708916,"655663102","US6556631025","2641838",333.58,"United States","NASDAQ","USD",1,"-",2026-08-25
"LNT","ALLIANT ENERGY CORP","Utilities","Equity",235486997.1,0.02665,235486997.1,3445815,"018802108","US0188021085","2973821",68.34,"United States","NASDAQ","USD",1,"-",2026-08-25
"WY","WEYERHAEUSER REIT","Real Estate","Equity",235142292.35,0.02661,235142292.35,9625145,"962166104","US9621661043","2958936",24.43,"United States","NYSE","USD",1,"-",2026-08-25
"NVR","NVR","Consumer Discretionary","Equity",233570496.96,0.02643,233570496.96,36304,"62944T105","US62944T1051","2637785",6433.74,"United States","NYSE","USD",1,"-",2026-08-25
"PTC","PTC","Information Technology","Equity",233028105.42,0.02637,233028105.42,1541803,"69370C100","US69370C1009","B95N910",151.14,"United States","NASDAQ","USD",1,"-",2026-08-25
"ZBRA","ZEBRA TECHNOLOGIES CORP CLASS A","Information Technology","Equity",229309827.56,0.02595,229309827.56,636053,"989207105","US9892071054","2989356",360.52,"United States","NASDAQ","USD",1,"-",2026-08-25
"BALL","BALL CORP","Materials","Equity",227758903.2,0.02577,227758903.2,3554290,"058498106","US0584981064","2073022",64.08,"United States","NYSE","USD",1,"-",2026-08-25
"IEX","IDEX","Industrials","Equity",227509983.78,0.02575,227509983.78,988014,"45167R104","US45167R1041","2456612",230.27,"United States","NYSE","USD",1,"-",2026-08-25
"CHRW","CH ROBINSON WORLDWIDE","Industrials","Equity",226091820.68,0.02559,226091820.68,1573798,"12541W209","US12541W2098","2116228",143.66,"United States","NASDAQ","USD",1,"-",2026-08-25
"LDOS","LEIDOS HOLDINGS","Industrials","Equity",225897234.36,0.02556,225897234.36,1679034,"525327102","US5253271028","BDV82B8",134.54,"United States","NYSE","USD",1,"-",2026-08-25
"BBY","BEST BUY","Consumer Discretionary","Equity",222625066.77,0.02519,222625066.77,2610213,"086516101","US0865161014","2094670",85.29,"United States","NYSE","USD",1,"-",2026-08-25
"INVH","INVITATION HOMES","Real Estate","Equity",220403066.79,0.02494,220403066.79,7295699,"46187W107","US46187W1071","BD81GW9",30.21,"United States","NYSE","USD",1,"-",2026-08-25
"KIM","KIMCO REALTY REIT CORP","Real Estate","Equity",216598898.88,0.02451,216598898.88,9002448,"49446R109","US49446R1095","2491594",24.06,"United States","NYSE","USD",1,"-",2026-08-25
"GEN","GEN DIGITAL","Information Technology","Equity",216292969.14,0.02448,216292969.14,7379494,"668771108","US6687711084","BJN4XN5",29.31,"United States","NASDAQ","USD",1,"-",2026-08-25
"LYB","LYONDELLBASELL INDUSTRIES CLASS A","Materials","Equity",215892138.15,0.02443,215892138.15,3451513,"-","NL0009434992","B3SPXZ3",62.55,"United States","NYSE","USD",1,"-",2026-08-25
"TSN","TYSON FOODS INC CLASS A","Consumer Staples","Equity",215304220.95,0.02437,215304220.95,3766035,"902494103","US9024941034","2909730",57.17,"United States","NYSE","USD",1,"-",2026-08-25
"ALB","ALBEMARLE CORP","Materials","Equity",209705627.54,0.02373,209705627.54,1574603,"012653101","US0126531013","2046853",133.18,"United States","NYSE","USD",1,"-",2026-08-25
"AKAM","AKAMAI TECHNOLOGIES INC","Information Technology","Equity",205247895.88,0.02323,205247895.88,1941062,"00971T101","US00971T1016","2507457",105.74,"United States","NASDAQ","USD",1,"-",2026-08-25
"MAA","MID AMERICA APARTMENT COMMUNITIES","Real Estate","Equity",205076991.02,0.02321,205076991.02,1553849,"59522J103","US59522J1034","2589132",131.98,"United States","NYSE","USD",1,"-",2026-08-25
"SWK","STANLEY BLACK & DECKER INC","Industrials","Equity",204454454.58,0.02314,204454454.58,2076523,"854502101","US8545021011","B3Q2FJ4",98.46,"United States","NYSE","USD",1,"-",2026-08-25
"BG","BUNGE GLOBAL SA","Consumer Staples","Equity",202496940.42,0.02292,202496940.42,1812702,"-","CH1300646267","BQ6BPG9",111.71,"United States","NYSE","USD",1,"-",2026-08-25
"DOC","HEALTHPEAK PROPERTIES INC","Real Estate","Equity",199342438.32,0.02256,199342438.32,9203252,"42250P103","US42250P1030","BJBLRK3",21.66,"United States","NYSE","USD",1,"-",2026-08-25
"EG","EVEREST GROUP","Financials","Equity",198298265.94,0.02244,198298265.94,528246,"G3223R108","BMG3223R1088","2556868",375.39,"United States","NYSE","USD",1,"-",2026-08-25
"TYL","TYLER TECHNOLOGIES","Information Technology","Equity",197153792,0.02231,197153792,563200,"902252105","US9022521051","2909644",350.06,"United States","NYSE","USD",1,"-",2026-08-25
"MAS","MASCO","Industrials","Equity",196357955.12,0.02222,196357955.12,2692786,"574599106","US5745991068","2570200",72.92,"United States","NYSE","USD",1,"-",2026-08-25
"HST","HOST HOTELS & RESORTS REIT","Real Estate","Equity",195553981,0.02213,195553981,8502347,"44107P104","US44107P1049","2567503",23,"United States","NASDAQ","USD",1,"-",2026-08-25
"APA","APA","Energy","Equity",195096991.1,0.02208,195096991.1,4718186,"03743Q108","US03743Q1085","BNNF1C1",41.35,"United States","NASDAQ","USD",1,"-",2026-08-25
"AIZ","ASSURANT INC","Financials","Equity",193684715.7,0.02192,193684715.7,679238,"04621X108","US04621X1081","2331430",285.15,"United States","NYSE","USD",1,"-",2026-08-25
"IVZ","INVESCO LTD","Financials","Equity",193630088.8,0.02191,193630088.8,5917790,"-","BMG491BT1088","B28XP76",32.72,"United States","NYSE","USD",1,"-",2026-08-25
"CRL","CHARLES RIVER LABORATORIES INTERNA","Health Care","Equity",191381627.08,0.02166,191381627.08,642997,"159864107","US1598641074","2604336",297.64,"United States","NYSE","USD",1,"-",2026-08-25
"COO","COOPER","Health Care","Equity",190219386.72,0.02153,190219386.72,2604318,"216648501","US2166485019","BQPDXR3",73.04,"United States","NASDAQ","USD",1,"-",2026-08-25
"TXT","TEXTRON INC","Industrials","Equity",189874160,0.02149,189874160,2321200,"883203101","US8832031012","2885937",81.8,"United States","NYSE","USD",1,"-",2026-08-25
"LVS","LAS VEGAS SANDS","Consumer Discretionary","Equity",188139374.27,0.02129,188139374.27,3980101,"517834107","US5178341070","B02T2J7",47.27,"United States","NYSE","USD",1,"-",2026-08-25
"FOXA","FOX CLASS A","Communication","Equity",187282319.64,0.02119,187282319.64,2662908,"35137L105","US35137L1052","BJJMGL2",70.33,"United States","NASDAQ","USD",1,"-",2026-08-25
"RL","RALPH LAUREN CLASS A","Consumer Discretionary","Equity",186995720.8,0.02116,186995720.8,515708,"751212101","US7512121010","B4V9661",362.6,"United States","NYSE","USD",1,"-",2026-08-25
"FDXF","FEDEX FREIGHT HOLDING COMPANY INC","Industrials","Equity",186521927.5,0.02111,186521927.5,1448714,"314352105","US3143521058","BVSVT37",128.75,"United States","NYSE","USD",1,"-",2026-08-25
"RVTY","REVVITY","Health Care","Equity",185926084.6,0.02104,185926084.6,1489315,"714046109","US7140461093","2305844",124.84,"United States","NYSE","USD",1,"-",2026-08-25
"MKC","MCCORMICK & CO NON-VOTING","Consumer Staples","Equity",185069540.64,0.02094,185069540.64,3397018,"579780206","US5797802064","2550161",54.48,"United States","NYSE","USD",1,"-",2026-08-25
"TRMB","TRIMBLE INC","Information Technology","Equity",184954242.48,0.02093,184954242.48,3112136,"896239100","US8962391004","2903958",59.43,"United States","NASDAQ","USD",1,"-",2026-08-25
"ALLE","ALLEGION PLC","Industrials","Equity",183975341.41,0.02082,183975341.41,1147193,"-","IE00BFRT3W74","BFRT3W7",160.37,"United States","NYSE","USD",1,"-",2026-08-25
"AVY","AVERY DENNISON CORP","Materials","Equity",183688101.35,0.02079,183688101.35,1020773,"053611109","US0536111091","2066408",179.95,"United States","NYSE","USD",1,"-",2026-08-25
"BAX","BAXTER INTERNATIONAL","Health Care","Equity",181234295.11,0.02051,181234295.11,6893659,"071813109","US0718131099","2085102",26.29,"United States","NYSE","USD",1,"-",2026-08-25
"SOLV","SOLVENTUM","Health Care","Equity",180035544.79,0.02037,180035544.79,1965239,"83444M101","US83444M1018","BMTQB43",91.61,"United States","NYSE","USD",1,"-",2026-08-25
"CSGP","COSTAR GROUP","Real Estate","Equity",178844783.63,0.02024,178844783.63,5450923,"22160N109","US22160N1090","2262864",32.81,"United States","NASDAQ","USD",1,"-",2026-08-25
"SJM","JM SMUCKER","Consumer Staples","Equity",178597268.85,0.02021,178597268.85,1423653,"832696405","US8326964058","2951452",125.45,"United States","NYSE","USD",1,"-",2026-08-25
"GL","GLOBE LIFE","Financials","Equity",178509708.24,0.0202,178509708.24,1036401,"37959E102","US37959E1029","BK6YKG1",172.24,"United States","NYSE","USD",1,"-",2026-08-25
"GDDY","GODADDY CLASS A","Information Technology","Equity",176385411.14,0.01996,176385411.14,1767566,"380237107","US3802371076","BWFRFC6",99.79,"United States","NYSE","USD",1,"-",2026-08-25
"IT","GARTNER","Information Technology","Equity",174996514.63,0.0198,174996514.63,893797,"366651107","US3666511072","2372763",195.79,"United States","NYSE","USD",1,"-",2026-08-25
"HAS","HASBRO","Consumer Discretionary","Equity",172759259.4,0.01955,172759259.4,1785810,"418056107","US4180561072","2414580",96.74,"United States","NASDAQ","USD",1,"-",2026-08-25
"CLX","CLOROX","Consumer Staples","Equity",170004228.24,0.01924,170004228.24,1620168,"189054109","US1890541097","2204026",104.93,"United States","NYSE","USD",1,"-",2026-08-25
"REG","REGENCY CENTERS REIT CORP","Real Estate","Equity",169329939.52,0.01916,169329939.52,2207116,"758849103","US7588491032","2726177",76.72,"United States","NASDAQ","USD",1,"-",2026-08-25
"DECK","DECKERS OUTDOOR","Consumer Discretionary","Equity",168723669.24,0.01909,168723669.24,1901326,"243537107","US2435371073","2267278",88.74,"United States","NYSE","USD",1,"-",2026-08-25
"LULU","LULULEMON ATHLETICA","Consumer Discretionary","Equity",165418950.18,0.01872,165418950.18,1397946,"550021109","US5500211090","B23FN39",118.33,"United States","NASDAQ","USD",1,"-",2026-08-25
"JKHY","JACK HENRY AND ASSOCIATES INC","Financials","Equity",164638811.02,0.01863,164638811.02,948271,"426281101","US4262811015","2469193",173.62,"United States","NASDAQ","USD",1,"-",2026-08-25
"LII","LENNOX INTERNATIONAL INC","Industrials","Equity",164368901.62,0.0186,164368901.62,422477,"526107107","US5261071071","2442053",389.06,"United States","NYSE","USD",1,"-",2026-08-25
"TKO","TKO GROUP HOLDINGS INC CLASS A","Communication","Equity",162634987.62,0.0184,162634987.62,840882,"87256C101","US87256C1018","BQBBFD1",193.41,"United States","NYSE","USD",1,"-",2026-08-25
"GNRC","GENERAC HOLDINGS","Industrials","Equity",158669299.44,0.01796,158669299.44,786348,"368736104","US3687361044","B6197Q2",201.78,"United States","NYSE","USD",1,"-",2026-08-25
"PNW","PINNACLE WEST","Utilities","Equity",157976048.49,0.01788,157976048.49,1617447,"723484101","US7234841010","2048804",97.67,"United States","NYSE","USD",1,"-",2026-08-25
"ECHO","ECHOSTAR CLASS A","Communication","Equity",157385676.84,0.01781,157385676.84,1819067,"278768106","US2787681061","B2NC471",86.52,"United States","NASDAQ","USD",1,"-",2026-08-25
"HII","HUNTINGTON INGALLS INDUSTRIES","Industrials","Equity",153070365.6,0.01732,153070365.6,525744,"446413106","US4464131063","B40SSC9",291.15,"United States","NYSE","USD",1,"-",2026-08-25
"SGAFT","CASH COLLATERAL USD SGAFT","Cash and/or Derivatives","Cash Collateral and Margins",152864000,0.0173,152864000,152864000,"-","-","-",100,"United States","-","USD",1,"Sep 01, 2016",2026-08-25
"TECH","BIO TECHNE","Health Care","Equity",151674346.41,0.01716,151674346.41,2096977,"09073M104","US09073M1045","BSHZ3Q0",72.33,"United States","NASDAQ","USD",1,"-",2026-08-25
"UDR","UDR REIT","Real Estate","Equity",150658478.63,0.01705,150658478.63,3947039,"902653104","US9026531049","2727910",38.17,"United States","NYSE","USD",1,"-",2026-08-25
"NWSA","NEWS CLASS A","Communication","Equity",150609093.76,0.01704,150609093.76,4870928,"65249B109","US65249B1098","BBGVT40",30.92,"United States","NASDAQ","USD",1,"-",2026-08-25
"CPT","CAMDEN PROPERTY TRUST REIT","Real Estate","Equity",145265307.88,0.01644,145265307.88,1341571,"133131102","US1331311027","2166320",108.28,"United States","NYSE","USD",1,"-",2026-08-25
"FDS","FACTSET RESEARCH SYSTEMS","Financials","Equity",143955872.48,0.01629,143955872.48,486206,"303075105","US3030751057","2329770",296.08,"United States","NYSE","USD",1,"-",2026-08-25
"BEN","FRANKLIN TEMPLETON","Financials","Equity",143359889.67,0.01622,143359889.67,4092489,"354613101","US3546131018","2350684",35.03,"United States","NYSE","USD",1,"-",2026-08-25
"ROL","ROLLINS INC","Industrials","Equity",143037622.08,0.01619,143037622.08,3933928,"775711104","US7757111049","2747305",36.36,"United States","NYSE","USD",1,"-",2026-08-25
"DPZ","DOMINOS PIZZA","Consumer Discretionary","Equity",142983373.39,0.01618,142983373.39,408629,"25754A201","US25754A2015","B01SD70",349.91,"United States","NASDAQ","USD",1,"-",2026-08-25
"BXP","BXP","Real Estate","Equity",142570282.62,0.01613,142570282.62,1976574,"101121101","US1011211018","2019479",72.13,"United States","NYSE","USD",1,"-",2026-08-25
"ALGN","ALIGN TECHNOLOGY","Health Care","Equity",141939576.9,0.01606,141939576.9,889290,"016255101","US0162551016","2679204",159.61,"United States","NASDAQ","USD",1,"-",2026-08-25
"AES","AES","Utilities","Equity",140539666.5,0.0159,140539666.5,9541050,"00130H105","US00130H1059","2002479",14.73,"United States","NYSE","USD",1,"-",2026-08-25
"PNR","PENTAIR","Industrials","Equity",134746394.58,0.01525,134746394.58,2157323,"-","IE00BLS09M33","BLS09M3",62.46,"United States","NYSE","USD",1,"-",2026-08-25
"SWKS","SKYWORKS SOLUTIONS","Information Technology","Equity",132339115.8,0.01498,132339115.8,2014294,"83088M102","US83088M1027","2961053",65.7,"United States","NASDAQ","USD",1,"-",2026-08-25
"PODD","INSULET","Health Care","Equity",132243144.7,0.01497,132243144.7,924454,"45784P101","US45784P1012","B1XGNW4",143.05,"United States","NASDAQ","USD",1,"-",2026-08-25
"APTV","APTIV PLC","Consumer Discretionary","Equity",131726439.27,0.01491,131726439.27,2824929,"-","JE00BTDN8H13","BTDN8H1",46.63,"United States","NYSE","USD",1,"-",2026-08-25
"UHS","UNIVERSAL HEALTH SERVICES INC CLAS","Health Care","Equity",125028457.84,0.01415,125028457.84,711359,"913903100","US9139031002","2923785",175.76,"United States","NYSE","USD",1,"-",2026-08-25
"FRT","FEDERAL REALTY INVESTMENT TRUST RE","Real Estate","Equity",123848743.5,0.01402,123848743.5,1051794,"313745101","US3137451015","BN7P9B2",117.75,"United States","NYSE","USD",1,"-",2026-08-25
"FOX","FOX CLASS B","Communication","Equity",116366243.73,0.01317,116366243.73,1856217,"35137L204","US35137L2043","BJJMGY5",62.69,"United States","NASDAQ","USD",1,"-",2026-08-25
"HSIC","HENRY SCHEIN","Health Care","Equity",115863480.7,0.01311,115863480.7,1292398,"806407102","US8064071025","2416962",89.65,"United States","NASDAQ","USD",1,"-",2026-08-25
"MGM","MGM RESORTS INTERNATIONAL","Consumer Discretionary","Equity",111364210.32,0.0126,111364210.32,2569548,"552953101","US5529531015","2547419",43.34,"United States","NYSE","USD",1,"-",2026-08-25
"WYNN","WYNN RESORTS","Consumer Discretionary","Equity",110556413.28,0.01251,110556413.28,1119672,"983134107","US9831341071","2963811",98.74,"United States","NASDAQ","USD",1,"-",2026-08-25
"ARE","ALEXANDRIA REAL ESTATE EQUITIES RE","Real Estate","Equity",110389180.8,0.01249,110389180.8,2086752,"015271109","US0152711091","2009210",52.9,"United States","NYSE","USD",1,"-",2026-08-25
"NCLH","NORWEGIAN CRUISE LINE HOLDINGS","Consumer Discretionary","Equity",105202962.14,0.01191,105202962.14,6095189,"-","BMG667211046","B9CGTC3",17.26,"United States","NYSE","USD",1,"-",2026-08-25
"MOS","MOSAIC","Materials","Equity",103291421.1,0.01169,103291421.1,4255930,"61945C103","US61945C1036","B3NPHP6",24.27,"United States","NYSE","USD",1,"-",2026-08-25
"BLDR","BUILDERS FIRSTSOURCE INC","Industrials","Equity",99609699.36,0.01127,99609699.36,1436126,"12008R107","US12008R1077","B0BV2M7",69.36,"United States","NYSE","USD",1,"-",2026-08-25
"HRL","HORMEL FOODS CORP","Consumer Staples","Equity",92926104.76,0.01052,92926104.76,3907742,"440452100","US4404521001","2437264",23.78,"United States","NYSE","USD",1,"-",2026-08-25
"AOS","A O SMITH","Industrials","Equity",92887649.8,0.01051,92887649.8,1494572,"831865209","US8318652091","2816023",62.15,"United States","NYSE","USD",1,"-",2026-08-25
"TAP","MOLSON COORS BREWING  CLASS B","Consumer Staples","Equity",89962230.48,0.01018,89962230.48,2141448,"60871R209","US60871R2094","B067BM3",42.01,"United States","NYSE","USD",1,"-",2026-08-25
"ERIE","ERIE INDEMNITY CLASS A","Financials","Equity",87738224.06,0.00993,87738224.06,340097,"29530P102","US29530P1021","2311711",257.98,"United States","NASDAQ","USD",1,"-",2026-08-25
"DVA","DAVITA INC","Health Care","Equity",76226593.8,0.00863,76226593.8,428721,"23918K108","US23918K1088","2898087",177.8,"United States","NYSE","USD",1,"-",2026-08-25
"TTD","TRADE DESK INC CLASS A","Communication","Equity",75523754.5,0.00855,75523754.5,5699906,"88339J105","US88339J1051","BD8FDD1",13.25,"United States","NASDAQ","USD",1,"-",2026-08-25
"BFB","BROWN FORMAN CLASS B","Consumer Staples","Equity",63332436.5,0.00717,63332436.5,2247425,"115637209","US1156372096","2146838",28.18,"United States","NYSE","USD",1,"-",2026-08-25
"NWS","NEWS CLASS B","Communication","Equity",56532694.05,0.0064,56532694.05,1608327,"65249B208","US65249B2088","BBGVT51",35.15,"United States","NASDAQ","USD",1,"-",2026-08-25
"PSKY","PARAMOUNT SKYDANCE CORP CLASS B","Communication","Equity",44580679.11,0.00505,44580679.11,4178133,"69932A204","US69932A2042","BSNMNQ5",10.67,"United States","NASDAQ","USD",1,"-",2026-08-25
"HOLX","HOLOGIC INC","Health Care","Equity",28433.88,0,28433.88,2843388,"436CVR021","US436CVR0216","9924331",0.01,"United States","NO MARKET (E.G. UNLISTED)","USD",1,"-",2026-08-25
"ESU6","S&P500 EMINI SEP 26","Cash and/or Derivatives","Futures",0,0,2092993200,5442,"-","-","-",7692,"-","Index And Options Market","USD",1,"-",2026-08-25
