"symbol","company","identifier","sedol","weight","sector","shares_held","local_currency"
"AAPL","APPLE INC","037833100","2046251",0.06874564246613621,"-",173955042,"USD"
"MSFT","MICROSOFT CORP","594918104","2588173",0.06771241178174037,"-",89697971,"USD"
"NVDA","NVIDIA CORP","67066G104","2379504",0.058674616370737696,"-",296860762,"USD"
"AMZN","AMAZON.COM INC","023135106","2000019",0.03680558874950282,"-",110483061,"USD"
"META","META PLATFORMS INC CLASS A","30303M102","B7TL820",0.02383600966815785,"-",26460373,"USD"
"GOOGL","ALPHABET INC CL A","02079K305","BYVY8G0",0.021918817291882605,"-",70924446,"USD"
"GOOG","ALPHABET INC CL C","02079K107","BYY88Y7",0.018415446832238225,"-",59004329,"USD"
"BRK-B","BERKSHIRE HATHAWAY INC CL B","084670702","2073390",0.0170828680054527,"-",21859131,"USD"
"LLY","ELI LILLY + CO","532457108","2516152",0.014506797655308592,"-",9629054,"USD"
"AVGO","BROADCOM INC","11135F101","BDZ78H9",0.01399431811640775,"-",52594476,"USD"
"TSLA","TESLA INC","88160R101","B616C79",0.01313915201749636,"-",33477472,"USD"
"JPM","JPMORGAN CHASE + CO","46625H100","2190385",0.013049884679101223,"-",34673039,"USD"
"UNH","UNITEDHEALTH GROUP INC","91324P102","2917766",0.011519937517464017,"-",11113092,"USD"
"XOM","EXXON MOBIL CORP","30231G102","2326618",0.011464256702579343,"-",54163985,"USD"
"V","VISA INC CLASS A SHARES","92826C839","B2PZN04",0.009147936803765395,"-",19007313,"USD"
"PG","PROCTER + GAMBLE CO/THE","742718109","2704407",0.008545419776883265,"-",28497179,"USD"
"JNJ","JOHNSON + JOHNSON","478160104","2475833",0.008457722743488468,"-",29069700,"USD"
"MA","MASTERCARD INC   A","57636Q104","B121557",0.00829600133233878,"-",9913037,"USD"
"COST","COSTCO WHOLESALE CORP","22160K105","2701271",0.007901044619896522,"-",5344238,"USD"
"HD","HOME DEPOT INC","437076102","2434209",0.0077656383199308805,"-",11966198,"USD"
"ABBV","ABBVIE INC","00287Y109","B92SR70",0.0073195016668087445,"-",21318492,"USD"
"WMT","WALMART INC","931142103","2936921",0.00651458532790824,"-",51577282,"USD"
"MRK","MERCK + CO. INC.","58933Y105","2778844",0.00630323427719366,"-",30599170,"USD"
"NFLX","NETFLIX INC","64110L106","2857817",0.005884152879013691,"-",5203229,"USD"
"BAC","BANK OF AMERICA CORP","060505104","2295677",0.005872730660476185,"-",82150003,"USD"
"KO","COCA COLA CO/THE","191216100","2206657",0.005757858348827093,"-",46813633,"USD"
"CVX","CHEVRON CORP","166764100","2838555",0.005716130243977288,"-",20694527,"USD"
"CRM","SALESFORCE INC","79466L302","2310525",0.005358000684472945,"-",11698878,"USD"
"ADBE","ADOBE INC","00724F101","2008154",0.005349559044853282,"-",5409589,"USD"
"PEP","PEPSICO INC","713448108","2681511",0.005257211108113529,"-",16602809,"USD"
"TMO","THERMO FISHER SCIENTIFIC INC","883556102","2886907",0.005185857249053484,"-",4608462,"USD"
"ORCL","ORACLE CORP","68389X105","2661568",0.004794461228204354,"-",19265048,"USD"
"LIN","LINDE PLC","G54950103","BNZHB81",0.004762084939757849,"-",5804137,"USD"
"AMD","ADVANCED MICRO DEVICES","007903107","2007849",0.0046802490447719666,"-",19511336,"USD"
"ACN","ACCENTURE PLC CL A","G1151C101","B4BNMY3",0.004500624156229865,"-",7579809,"USD"
"WFC","WELLS FARGO + CO","949746101","2649100",0.004333371670779616,"-",42095103,"USD"
"MCD","MCDONALD S CORP","580135101","2550707",0.004232061993400978,"-",8700990,"USD"
"CSCO","CISCO SYSTEMS INC","17275R102","2198163",0.004193214448042244,"-",48890624,"USD"
"ABT","ABBOTT LABORATORIES","002824100","2002305",0.004178581605905315,"-",20960855,"USD"
"GE","GENERAL ELECTRIC CO","369604301","BL59CR9",0.004060258624032546,"-",13216274,"USD"
"DHR","DANAHER CORP","235851102","2250870",0.004036584025715315,"-",7944082,"USD"
"QCOM","QUALCOMM INC","747525103","2714923",0.004006618205454045,"-",13498917,"USD"
"PM","PHILIP MORRIS INTERNATIONAL","718172109","B2PKRQ3",0.003985444092806146,"-",18747869,"USD"
"AMGN","AMGEN INC","031162100","2023607",0.0039254024309141565,"-",6464238,"USD"
"INTU","INTUIT INC","461202103","2459020",0.0039057986232665974,"-",3383582,"USD"
"TXN","TEXAS INSTRUMENTS INC","882508104","2885409",0.0038378954344302292,"-",10968779,"USD"
"IBM","INTL BUSINESS MACHINES CORP","459200101","2005973",0.0037959372848988464,"-",11058800,"USD"
"PFE","PFIZER INC","717081103","2684703",0.0037829647652463535,"-",68197311,"USD"
"VZ","VERIZON COMMUNICATIONS INC","92343V104","2090571",0.0037535590537750145,"-",50771081,"USD"
"DIS","WALT DISNEY CO/THE","254687106","2270726",0.003706839979529224,"-",22011615,"USD"
"NOW","SERVICENOW INC","81762P102","B80NXX8",0.003637916592539769,"-",2477383,"USD"
"AMAT","APPLIED MATERIALS INC","038222105","2046552",0.003571653722302483,"-",10053416,"USD"
"CAT","CATERPILLAR INC","149123101","2180201",0.0035428781332198156,"-",5904886,"USD"
"GS","GOLDMAN SACHS GROUP INC","38141G104","2407966",0.003523904447960928,"-",3893270,"USD"
"NEE","NEXTERA ENERGY INC","65339F101","2328915",0.0035152827733730724,"-",24777920,"USD"
"ISRG","INTUITIVE SURGICAL INC","46120E602","2871301",0.003494958825852746,"-",4282413,"USD"
"CMCSA","COMCAST CORP CLASS A","20030N101","2044545",0.0034435688443766434,"-",47260643,"USD"
"SPGI","S+P GLOBAL INC","78409V104","BYV2325",0.003431306462654241,"-",3865083,"USD"
"RTX","RTX CORP","75513E101","BM5M5Y3",0.003387667986753067,"-",16034176,"USD"
"UNP","UNION PACIFIC CORP","907818108","2914734",0.003257102627043251,"-",7361574,"USD"
"AXP","AMERICAN EXPRESS CO","025816109","2026082",0.003087979778312342,"-",6861169,"USD"
"T","AT+T INC","00206R102","2831811",0.003042881018780278,"-",86354214,"USD"
"LOW","LOWE S COS INC","548661107","2536763",0.003017686125176093,"-",6908341,"USD"
"HON","HONEYWELL INTERNATIONAL INC","438516106","2020459",0.002911045412350441,"-",7862331,"USD"
"VRTX","VERTEX PHARMACEUTICALS INC","92532F100","2931034",0.0028484932628464426,"-",3111848,"USD"
"TJX","TJX COMPANIES INC","872540109","2989301",0.002812896348857839,"-",13674484,"USD"
"MS","MORGAN STANLEY","617446448","2262314",0.0027877314610816857,"-",15136979,"USD"
"UBER","UBER TECHNOLOGIES INC","90353T100","BK6N347",0.0027861811599667,"-",25229119,"USD"
"COP","CONOCOPHILLIPS","20825C104","2685717",0.002770198055568333,"-",14121672,"USD"
"PGR","PROGRESSIVE CORP","743315103","2705024",0.0027523645917746607,"-",7064264,"USD"
"BKNG","BOOKING HOLDINGS INC","09857L108","BDRXDB4",0.002715747479632969,"-",409523,"USD"
"ELV","ELEVANCE HEALTH INC","036752103","BSPHGL4",0.0027032750571143434,"-",2806444,"USD"
"INTC","INTEL CORP","458140100","2463247",0.002686981892492979,"-",51107340,"USD"
"BLK","BLACKROCK INC","09247X101","2494504",0.002644733686623953,"-",1688708,"USD"
"C","CITIGROUP INC","172967424","2297907",0.0026338915807617314,"-",22998356,"USD"
"ETN","EATON CORP PLC","G29183103","B8KQN82",0.0026003650689073337,"-",4823452,"USD"
"PLD","PROLOGIS INC","74340W103","B44WZD7",0.0025793409853995942,"-",11158745,"USD"
"LMT","LOCKHEED MARTIN CORP","539830109","2522096",0.002561567533261985,"-",2578746,"USD"
"REGN","REGENERON PHARMACEUTICALS","75886F107","2730190",0.002525950615388027,"-",1276773,"USD"
"SYK","STRYKER CORP","863667101","2853688",0.0024625583026991332,"-",4084003,"USD"
"MU","MICRON TECHNOLOGY INC","595112103","2588184",0.0024509760530787893,"-",13341203,"USD"
"MMC","MARSH + MCLENNAN COS","571748102","2567741",0.0024188298093138633,"-",5950323,"USD"
"CB","CHUBB LTD","H1467J104","B3BQMF6",0.0024107182338025516,"-",4898043,"USD"
"BSX","BOSTON SCIENTIFIC CORP","101137107","2113434",0.0024063373829098828,"-",17690279,"USD"
"ADI","ANALOG DEVICES INC","032654105","2032067",0.0023728408768835174,"-",5988906,"USD"
"LRCX","LAM RESEARCH CORP","512807108","2502247",0.0023608385456707257,"-",1571016,"USD"
"MDT","MEDTRONIC PLC","G5960L103","BTN1Y11",0.002340274551526143,"-",16065335,"USD"
"ADP","AUTOMATIC DATA PROCESSING","053015103","2065308",0.002337153945410817,"-",4942111,"USD"
"AMT","AMERICAN TOWER CORP","03027X100","B7FBFL2",0.0023224210838471157,"-",5629944,"USD"
"BA","BOEING CO/THE","097023105","2108601",0.0022368744681279446,"-",6931542,"USD"
"PANW","PALO ALTO NETWORKS INC","697435105","B87ZMX0",0.0022286628731898596,"-",3901624,"USD"
"KLAC","KLA CORP","482480100","2480138",0.0022248821388578303,"-",1625812,"USD"
"BMY","BRISTOL MYERS SQUIBB CO","110122108","2126335",0.002141675977725154,"-",24566396,"USD"
"BX","BLACKSTONE INC","09260D107","BKF2SL7",0.0021399756474700083,"-",8628933,"USD"
"TMUS","T MOBILE US INC","872590104","B94Q9V0",0.002107839405647759,"-",6225857,"USD"
"SO","SOUTHERN CO/THE","842587107","2829601",0.00208793553971988,"-",13174281,"USD"
"GILD","GILEAD SCIENCES INC","375558103","2369174",0.0020830145839226353,"-",15047061,"USD"
"SCHW","SCHWAB (CHARLES) CORP","808513105","2779397",0.002072832606277117,"-",17977157,"USD"
"UPS","UNITED PARCEL SERVICE CL B","911312106","2517382",0.0020650410929314803,"-",8738119,"USD"
"CI","THE CIGNA GROUP","125523100","BHJ0775",0.002064450978313518,"-",3429628,"USD"
"FI","FISERV INC","337738108","2342034",0.0020634807898738173,"-",7064628,"USD"
"DE","DEERE + CO","244199105","2261203",0.0020250333222221755,"-",3126241,"USD"
"MDLZ","MONDELEZ INTERNATIONAL INC A","609207105","B8CKK03",0.0020110406044165957,"-",16266785,"USD"
"NKE","NIKE INC  CL B","654106103","2640147",0.0019550197234808916,"-",14627375,"USD"
"DUK","DUKE ENERGY CORP","26441C204","B7VD3F2",0.00189685842681224,"-",9308099,"USD"
"ICE","INTERCONTINENTAL EXCHANGE IN","45866F104","BFSSDS9",0.0018890569115239254,"-",6912448,"USD"
"MO","ALTRIA GROUP INC","02209S103","2692632",0.0018774646599609042,"-",20739250,"USD"
"ANET","ARISTA NETWORKS INC","040413106","BN33VM5",0.0018609514526006386,"-",3036416,"USD"
"SBUX","STARBUCKS CORP","855244109","2842255",0.0018597512194793594,"-",13681109,"USD"
"CL","COLGATE PALMOLIVE CO","194162103","2209106",0.0018158826988966066,"-",9941042,"USD"
"ZTS","ZOETIS INC","98978V103","B95WG16",0.0018031202200403385,"-",5461551,"USD"
"SNPS","SYNOPSYS INC","871607107","2867719",0.0017972390777460706,"-",1836702,"USD"
"MCK","MCKESSON CORP","58155Q103","2378534",0.0017868170534762967,"-",1569396,"USD"
"SHW","SHERWIN WILLIAMS CO/THE","824348106","2804211",0.0017857568475525003,"-",2816104,"USD"
"KKR","KKR + CO INC","48251W104","BG1FRR1",0.0017416782861735237,"-",8036300,"USD"
"EQIX","EQUINIX INC","29444U700","BVLZX12",0.0016818466650777581,"-",1145603,"USD"
"CVS","CVS HEALTH CORP","126650100","2577609",0.0016518808448164888,"-",15204566,"USD"
"WM","WASTE MANAGEMENT INC","94106L109","2937667",0.0016501305048479565,"-",4424547,"USD"
"TT","TRANE TECHNOLOGIES PLC","G8994E103","BK9ZQ96",0.0016485902056756485,"-",2732763,"USD"
"APH","AMPHENOL CORP CL A","032095101","2145084",0.0016207748030900042,"-",14416342,"USD"
"CMG","CHIPOTLE MEXICAN GRILL INC","169656105","B0X7DZ3",0.001602991349009718,"-",16567927,"USD"
"MCO","MOODY S CORP","615369105","2252058",0.0015850278599612404,"-",1900270,"USD"
"AON","AON PLC CLASS A","G0403H108","BLP1HW5",0.0015576225370253665,"-",2625383,"USD"
"CDNS","CADENCE DESIGN SYS INC","127387108","2302232",0.0015505611654951742,"-",3284961,"USD"
"EOG","EOG RESOURCES INC","26875P101","2318024",0.0015461203029464414,"-",6939300,"USD"
"CME","CME GROUP INC","12572Q105","2965839",0.0015451701183920954,"-",4349102,"USD"
"HCA","HCA HEALTHCARE INC","40412C101","B4MGBG6",0.0015379587177217432,"-",2340229,"USD"
"TDG","TRANSDIGM GROUP INC","893641100","B11FJK3",0.001533477847402301,"-",668206,"USD"
"PNC","PNC FINANCIAL SERVICES GROUP","693475105","2692665",0.0015320775754274754,"-",4810129,"USD"
"MMM","3M CO","88579Y101","2595708",0.0015282768372100913,"-",6676984,"USD"
"PH","PARKER HANNIFIN CORP","701094104","2671501",0.0015009615317583135,"-",1551509,"USD"
"NOC","NORTHROP GRUMMAN CORP","666807102","2648806",0.0015001313705160955,"-",1680083,"USD"
"BDX","BECTON DICKINSON AND CO","075887109","2087807",0.0014941702126804088,"-",3498110,"USD"
"PYPL","PAYPAL HOLDINGS INC","70450Y103","BYW36M8",0.0014927999465336153,"-",12629553,"USD"
"CSX","CSX CORP","126408103","2160753",0.0014853484992390072,"-",23604157,"USD"
"TGT","TARGET CORP","87612E106","2259101",0.0014829380310537718,"-",5573305,"USD"
"USB","US BANCORP","902973304","2736035",0.0014796873996836405,"-",18803840,"USD"
"FDX","FEDEX CORP","31428X106","2142784",0.0014732461485994425,"-",2733196,"USD"
"WELL","WELLTOWER INC","95040Q104","BYVYHH4",0.0014685452355410993,"-",7219800,"USD"
"ORLY","O REILLY AUTOMOTIVE INC","67103H107","B65LWX6",0.0014653946235977414,"-",714393,"USD"
"SLB","SCHLUMBERGER LTD","806857108","2779201",0.0014523320864611533,"-",17198280,"USD"
"GD","GENERAL DYNAMICS CORP","369550108","2365161",0.0014504417192951389,"-",2731055,"USD"
"MSI","MOTOROLA SOLUTIONS INC","620076307","B5BKPQ4",0.0014464309402815309,"-",2005147,"USD"
"ITW","ILLINOIS TOOL WORKS","452308109","2457552",0.0014398896697705597,"-",3284059,"USD"
"CTAS","CINTAS CORP","172908105","2197137",0.0014385694133371527,"-",1043262,"USD"
"EMR","EMERSON ELECTRIC CO","291011104","2313405",0.0014091937076938454,"-",6885114,"USD"
"APD","AIR PRODUCTS + CHEMICALS INC","009158106","2011602",0.0013974614289333418,"-",2686030,"USD"
"FCX","FREEPORT MCMORAN INC","35671D857","2352118",0.0013678656805511335,"-",17322943,"USD"
"NXPI","NXP SEMICONDUCTORS NV","N6596X109","B505PN7",0.001361324410040162,"-",3087543,"USD"
"AJG","ARTHUR J GALLAGHER + CO","363576109","2359506",0.001352792752936403,"-",2603348,"USD"
"MPC","MARATHON PETROLEUM CORP","56585A102","B3K3L40",0.0013333589783143581,"-",4254172,"USD"
"ECL","ECOLAB INC","278865100","2304227",0.0013325288170721401,"-",3064767,"USD"
"PSX","PHILLIPS 66","718546104","B78C4Y8",0.0013056836029261964,"-",5118461,"USD"
"ABNB","AIRBNB INC CLASS A","009066101","BMGYYH4",0.001303343148339702,"-",5330902,"USD"
"ROP","ROPER TECHNOLOGIES INC","776696106","2749602",0.0012649756962294788,"-",1283893,"USD"
"TFC","TRUIST FINANCIAL CORP","89832Q109","BKP7287",0.0012609349113878387,"-",16071951,"USD"
"NEM","NEWMONT CORP","651639106","2636607",0.0012496827258758468,"-",13935452,"USD"
"CEG","CONSTELLATION ENERGY","21037T109","BMH4FS1",0.0012232175855516419,"-",3806275,"USD"
"NSC","NORFOLK SOUTHERN CORP","655844108","2641894",0.0012113352776509782,"-",2730668,"USD"
"CARR","CARRIER GLOBAL CORP","14448C104","BK4N0D7",0.0012097149629372514,"-",10118373,"USD"
"COF","CAPITAL ONE FINANCIAL CORP","14040H105","2654461",0.001198082703603521,"-",4600680,"USD"
"AZO","AUTOZONE INC","053332102","2065955",0.0011892309843340872,"-",208711,"USD"
"DHI","DR HORTON INC","23331A109","2250687",0.001168466951335958,"-",3605856,"USD"
"AEP","AMERICAN ELECTRIC POWER","025537101","2026242",0.0011637660382776147,"-",6351521,"USD"
"AFL","AFLAC INC","001055102","2026361",0.0011486431009494974,"-",6243695,"USD"
"WMB","WILLIAMS COS INC","969457100","2967181",0.0011472728348027037,"-",14704550,"USD"
"MAR","MARRIOTT INTERNATIONAL  CL A","571903202","2210614",0.00114691276486632,"-",2896582,"USD"
"CRWD","CROWDSTRIKE HOLDINGS INC   A","22788C105","BJJP138",0.001130289536136604,"-",2785360,"USD"
"ADSK","AUTODESK INC","052769106","2065159",0.0011295793982065137,"-",2581445,"USD"
"HLT","HILTON WORLDWIDE HOLDINGS IN","43300A203","BYVMW06",0.001125418590052746,"-",2979435,"USD"
"SRE","SEMPRA","816851109","2138158",0.0011215578401792981,"-",7605629,"USD"
"VLO","VALERO ENERGY CORP","91913Y100","2041364",0.0011179571408154606,"-",3948328,"USD"
"O","REALTY INCOME CORP","756109104","2724193",0.0011038243958123987,"-",10513852,"USD"
"PCAR","PACCAR INC","693718108","2665861",0.001101133873232198,"-",6318011,"USD"
"SPG","SIMON PROPERTY GROUP INC","828806109","2812452",0.0010939224725618458,"-",3939239,"USD"
"AIG","AMERICAN INTERNATIONAL GROUP","026874784","2027342",0.0010864410194392057,"-",8013684,"USD"
"GM","GENERAL MOTORS CO","37045V100","B665KZ5",0.0010813500306164467,"-",13776532,"USD"
"DLR","DIGITAL REALTY TRUST INC","253868103","B03GQS4",0.0010749587892456352,"-",3900203,"USD"
"CCI","CROWN CASTLE INC","22822V101","BTGQCX1",0.0010655269573009165,"-",5243094,"USD"
"TRV","TRAVELERS COS INC/THE","89417E109","2769503",0.0010588456595924628,"-",2759044,"USD"
"BK","BANK OF NEW YORK MELLON CORP","064058100","B1Z77F6",0.0010563251700377765,"-",9029416,"USD"
"ROST","ROSS STORES INC","778296103","2746711",0.0010555550204516223,"-",4079319,"USD"
"URI","UNITED RENTALS INC","911363109","2134781",0.0010508941151639883,"-",810427,"USD"
"OKE","ONEOK INC","682680103","2130109",0.0010462632157043864,"-",7044867,"USD"
"PSA","PUBLIC STORAGE","74460D109","2852533",0.0010388917839511968,"-",1912933,"USD"
"GEV","GE VERNOVA INC","36828A101","BP6H4Y1",0.001035431111784842,"-",3287473,"USD"
"KMB","KIMBERLY CLARK CORP","494368103","2491839",0.0010226986387566056,"-",4080612,"USD"
"JCI","JOHNSON CONTROLS INTERNATION","G51502105","BY7QL61",0.001019548026813248,"-",8009985,"USD"
"ALL","ALLSTATE CORP","020002101","2019952",0.0010155772555703495,"-",3163536,"USD"
"D","DOMINION ENERGY INC","25746U109","2542049",0.0010141569797101691,"-",10107567,"USD"
"TEL","TE CONNECTIVITY LTD","H84989104","B62B7C3",0.0010059453847720843,"-",3697865,"USD"
"MCHP","MICROCHIP TECHNOLOGY INC","595017104","2592174",0.0009975537548658076,"-",6533035,"USD"
"IQV","IQVIA HOLDINGS INC","46266C105","BDR73G1",0.0009944331487504818,"-",2212380,"USD"
"CPRT","COPART INC","217204106","2208073",0.000994283119610322,"-",10518516,"USD"
"MET","METLIFE INC","59156R108","2573209",0.000989132119131499,"-",7212164,"USD"
"PRU","PRUDENTIAL FINANCIAL INC","744320102","2819118",0.000966137652916326,"-",4358171,"USD"
"LEN","LENNAR CORP A","526057104","2511920",0.0009516148321488484,"-",2983461,"USD"
"LHX","L3HARRIS TECHNOLOGIES INC","502431109","BK9DTN5",0.0009494244067025138,"-",2288621,"USD"
"MSCI","MSCI INC","55354G100","B2972D2",0.0009477640842180776,"-",955792,"USD"
"HUM","HUMANA INC","444859102","2445063",0.0009449635402684264,"-",1454485,"USD"
"AMP","AMERIPRISE FINANCIAL INC","03076C106","B0J7D57",0.0009161379414723722,"-",1209974,"USD"
"A","AGILENT TECHNOLOGIES INC","00846U101","2520153",0.0009136374558030406,"-",3533675,"USD"
"FIS","FIDELITY NATIONAL INFO SERV","31620M106","2769796",0.000912757284847436,"-",6716431,"USD"
"F","FORD MOTOR CO","345370860","2615468",0.0009122271818855376,"-",47150732,"USD"
"CMI","CUMMINS INC","231021106","2240202",0.0009116070614395435,"-",1645591,"USD"
"CNC","CENTENE CORP","15135B101","2807061",0.0009095266573626596,"-",6450426,"USD"
"GWW","WW GRAINGER INC","384802104","2380863",0.0009094866495919503,"-",533266,"USD"
"KMI","KINDER MORGAN INC","49456B101","B3NQ4P8",0.0008905029623903851,"-",23352725,"USD"
"PAYX","PAYCHEX INC","704326107","2674458",0.0008890426787594954,"-",3883575,"USD"
"COR","CENCORA INC","03073E105","2795393",0.000888632599109725,"-",2008524,"USD"
"RSG","REPUBLIC SERVICES INC","760759100","2262530",0.0008828714801275852,"-",2469487,"USD"
"PEG","PUBLIC SERVICE ENTERPRISE GP","744573106","2707677",0.0008683986690734941,"-",6016619,"USD"
"IDXX","IDEXX LABORATORIES INC","45168D104","2459202",0.0008683786651881394,"-",1004134,"USD"
"STZ","CONSTELLATION BRANDS INC A","21036P108","2170473",0.0008649379969071393,"-",1947725,"USD"
"PCG","P G + E CORP","69331C108","2689560",0.0008604171188169879,"-",25781827,"USD"
"OXY","OCCIDENTAL PETROLEUM CORP","674599105","2655408",0.0008571464835615022,"-",7975928,"USD"
"FICO","FAIR ISAAC CORP","303250104","2330299",0.000853585791968374,"-",298705,"USD"
"HES","HESS CORP","42809H107","2023748",0.0008525055821592229,"-",3335298,"USD"
"FAST","FASTENAL CO","311900104","2332262",0.0008425736530806379,"-",6906314,"USD"
"GIS","GENERAL MILLS INC","370334104","2367026",0.0008401431810100477,"-",6859979,"USD"
"IT","GARTNER INC","366651107","2372763",0.0008401431810100477,"-",941094,"USD"
"OTIS","OTIS WORLDWIDE CORP","68902V107","BK531S8",0.0008387629129205766,"-",4914619,"USD"
"CTSH","COGNIZANT TECH SOLUTIONS A","192446102","2257019",0.0008342020270597159,"-",6040253,"USD"
"EXC","EXELON CORP","30161N101","2670519",0.0008332118347346606,"-",12033088,"USD"
"BKR","BAKER HUGHES CO","05722G100","BDHLTQ5",0.0008262104748605322,"-",12125282,"USD"
"YUM","YUM  BRANDS INC","988498101","2098876",0.0008254303233317008,"-",3390973,"USD"
"SYY","SYSCO CORP","871829107","2868165",0.000824980235911221,"-",6012870,"USD"
"MPWR","MONOLITHIC POWER SYSTEMS INC","609839105","B01Z7J1",0.0008221296822481832,"-",578711,"USD"
"-","US DOLLAR","999USDZ92","-",0.0008200792839993311,"-",453125078.57,"USD"
"EW","EDWARDS LIFESCIENCES CORP","28176E108","2567116",0.0008196291965788516,"-",7320995,"USD"
"DOW","DOW INC","260557103","BHXCF84",0.0008167986468011683,"-",8470682,"USD"
"NUE","NUCOR CORP","670346105","2651086",0.0008161185146991101,"-",2894707,"USD"
"CTVA","CORTEVA INC","22052L104","BK73B42",0.0008158584641894996,"-",8505593,"USD"
"VRSK","VERISK ANALYTICS INC","92345Y106","B4P9W92",0.0008150783126606681,"-",1723093,"USD"
"CHTR","CHARTER COMMUNICATIONS INC A","16119P108","BZ6VT82",0.0008136080270871012,"-",1192534,"USD"
"HWM","HOWMET AEROSPACE INC","443201108","BKLJ8V2",0.0008115376249528946,"-",4726538,"USD"
"PWR","QUANTA SERVICES INC","74762E102","2150204",0.0008107974811947724,"-",1757680,"USD"
"IR","INGERSOLL RAND INC","45687V106","BL5GZ82",0.000807406822627159,"-",4890136,"USD"
"AME","AMETEK INC","031100100","2089212",0.0008022858279763679,"-",2785732,"USD"
"FTNT","FORTINET INC","34959E109","B5B2106",0.00079655471482226,"-",7694558,"USD"
"MNST","MONSTER BEVERAGE CORP","61174X109","BZ07BW4",0.0007963946837394227,"-",8564494,"USD"
"ODFL","OLD DOMINION FREIGHT LINE","679580100","2656423",0.0007946843515415999,"-",2160914,"USD"
"EA","ELECTRONIC ARTS INC","285512109","2310194",0.0007920838464454951,"-",2949179,"USD"
"MLM","MARTIN MARIETTA MATERIALS","573284106","2572079",0.0007909436249802799,"-",747198,"USD"
"KR","KROGER CO","501044101","2497406",0.0007881030732599194,"-",7904513,"USD"
"ACGL","ARCH CAPITAL GROUP LTD","G0450A105","2740542",0.0007876829916674716,"-",4482245,"USD"
"VMC","VULCAN MATERIALS CO","929160109","2931205",0.0007876529858394396,"-",1605177,"USD"
"KDP","KEURIG DR PEPPER INC","49271V100","BD3W133",0.0007872229023043146,"-",12585963,"USD"
"KVUE","KENVUE INC","49177J102","BQ84ZQ6",0.0007797214452963199,"-",23125470,"USD"
"FANG","DIAMONDBACK ENERGY INC","25278X109","B7Y8YR3",0.0007761107439898052,"-",2163424,"USD"
"GEHC","GE HEALTHCARE TECHNOLOGY","36266G107","BL6JPG8",0.0007730201437025113,"-",5121408,"USD"
"RCL","ROYAL CARIBBEAN CRUISES LTD","V7780T103","2754907",0.0007643684632866242,"-",2851965,"USD"
"EFX","EQUIFAX INC","294429105","2319146",0.0007570870490175306,"-",1482888,"USD"
"ED","CONSOLIDATED EDISON INC","209115104","2216850",0.0007570170354187894,"-",4174069,"USD"
"DD","DUPONT DE NEMOURS INC","26614N102","BK0VN47",0.0007552266876795481,"-",5048318,"USD"
"DFS","DISCOVER FINANCIAL SERVICES","254709108","B1YLC43",0.0007455448071678962,"-",3025220,"USD"
"SMCI","SUPER MICRO COMPUTER INC","86800U104","B1VQR35",0.0007401037503514308,"-",608325,"USD"
"EXR","EXTRA SPACE STORAGE INC","30225T102","B02HWR9",0.0007390135385996022,"-",2554343,"USD"
"CBRE","CBRE GROUP INC   A","12504L109","B6WVMH3",0.0007315520893623168,"-",3596508,"USD"
"HIG","HARTFORD FINANCIAL SVCS GRP","416515104","2476193",0.0007182094978307636,"-",3620166,"USD"
"MTD","METTLER TOLEDO INTERNATIONAL","592688105","2126249",0.0007159290549003333,"-",261050,"USD"
"XEL","XCEL ENERGY INC","98389B100","2614807",0.0007095578174148765,"-",6632681,"USD"
"VICI","VICI PROPERTIES INC","925652109","BYWH073",0.0007089176930835276,"-",12498561,"USD"
"IRM","IRON MOUNTAIN INC","46284V101","BVFTF03",0.00069914579508778,"-",3526612,"USD"
"XYL","XYLEM INC","98419M100","B3P2CN8",0.0006977155172849223,"-",2891431,"USD"
"RMD","RESMED INC","761152107","2732903",0.0006888838019008433,"-",1774044,"USD"
"CSGP","COSTAR GROUP INC","22160N109","2262864",0.0006875735474101135,"-",4924979,"USD"
"EIX","EDISON INTERNATIONAL","281020107","2829515",0.0006831926965174446,"-",4625582,"USD"
"MRNA","MODERNA INC","60770K107","BGSXTS3",0.0006821424925363254,"-",4002447,"USD"
"ON","ON SEMICONDUCTOR","682189105","2583576",0.0006750011054647145,"-",5187260,"USD"
"GLW","CORNING INC","219350105","2224701",0.0006694000175654118,"-",9237494,"USD"
"HPQ","HP INC","40434L105","BYX4D52",0.0006670195552082081,"-",10479269,"USD"
"BIIB","BIOGEN INC","09062X103","2455965",0.0006669695454948214,"-",1749073,"USD"
"ROK","ROCKWELL AUTOMATION INC","773903109","2754060",0.0006639089510355597,"-",1386269,"USD"
"TRGP","TARGA RESOURCES CORP","87612G101","B55PZY3",0.0006630387820226323,"-",2691817,"USD"
"AVB","AVALONBAY COMMUNITIES INC","053484101","2131179",0.0006536369559059457,"-",1695346,"USD"
"ADM","ARCHER DANIELS MIDLAND CO","039483102","2047317",0.0006534269151097218,"-",5969684,"USD"
"HAL","HALLIBURTON CO","406216101","2405302",0.0006498562215739163,"-",10802422,"USD"
"PPG","PPG INDUSTRIES INC","693506107","2698470",0.0006464155532929162,"-",2837384,"USD"
"WTW","WILLIS TOWERS WATSON PLC","G96629103","BDB6Q21",0.0006416146208077995,"-",1246720,"USD"
"DVN","DEVON ENERGY CORP","25179M103","2480677",0.0006316726897865372,"-",7745839,"USD"
"HSY","HERSHEY CO/THE","427866108","2422806",0.0006279319632252173,"-",1738082,"USD"
"LULU","LULULEMON ATHLETICA INC","550021109","B23FN39",0.0006266517145625195,"-",1390295,"USD"
"CDW","CDW CORP/DE","12514G108","BBM5MD6",0.000626301646568813,"-",1620186,"USD"
"EBAY","EBAY INC","278642103","2293819",0.0006217407607079523,"-",6109476,"USD"
"KHC","KRAFT HEINZ CO/THE","500754106","BYRY499",0.0006155695620760421,"-",9608089,"USD"
"AWK","AMERICAN WATER WORKS CO INC","030420103","B2R3PV1",0.0006124189501326843,"-",2341796,"USD"
"WEC","WEC ENERGY GROUP INC","92939U106","BYY8XK8",0.0006121488976803965,"-",3812415,"USD"
"DXCM","DEXCOM INC","252131107","B0796X4",0.0006111186975846319,"-",4801922,"USD"
"NDAQ","NASDAQ INC","631103108","2965107",0.0006080180953546607,"-",4990463,"USD"
"FITB","FIFTH THIRD BANCORP","316773100","2336747",0.0006074779904500852,"-",8241089,"USD"
"MTB","M + T BANK CORP","55261F104","2340168",0.0006056476349401345,"-",2005652,"USD"
"TSCO","TRACTOR SUPPLY COMPANY","892356106","2900335",0.0006054575980292652,"-",1305468,"USD"
"PHM","PULTEGROUP INC","745867101","2708841",0.0005992063838559363,"-",2560987,"USD"
"NVR","NVR INC","62944T105","2637785",0.000595855733059032,"-",38487,"USD"
"WAB","WABTEC CORP","929740108","2955733",0.0005894244839175113,"-",2078226,"USD"
"ANSS","ANSYS INC","03662Q105","2045623",0.000588404285764424,"-",1049347,"USD"
"DAL","DELTA AIR LINES INC","247361702","B1W9D46",0.0005842434776106563,"-",7778812,"USD"
"DG","DOLLAR GENERAL CORP","256677105","B5B1S13",0.0005764919720357285,"-",2650923,"USD"
"GRMN","GARMIN LTD","H2906T109","B3Z5T14",0.0005732013328948882,"-",1851508,"USD"
"ETR","ENTERGY CORP","29364G103","2317087",0.000559398652000178,"-",2558270,"USD"
"DTE","DTE ENERGY COMPANY","233331107","2280220",0.0005566581197065907,"-",2492930,"USD"
"NTAP","NETAPP INC","64110D104","2630643",0.0005546377272857707,"-",2501530,"USD"
"BR","BROADRIDGE FINANCIAL SOLUTIO","11133T103","B1VP7R6",0.000553267461138977,"-",1422201,"USD"
"CAH","CARDINAL HEALTH INC","14149Y108","2175672",0.0005525773270942415,"-",2953099,"USD"
"IFF","INTL FLAVORS + FRAGRANCES","459506101","2464165",0.0005522472629858898,"-",3087186,"USD"
"STT","STATE STREET CORP","857477103","2842040",0.0005519872124762793,"-",3646988,"USD"
"DOV","DOVER CORP","260003108","2278407",0.0005478764140358982,"-",1689782,"USD"
"GPN","GLOBAL PAYMENTS INC","37940X102","2712013",0.0005472162858191947,"-",3081526,"USD"
"TROW","T ROWE PRICE GROUP INC","74144T108","2702337",0.0005469662372522615,"-",2697681,"USD"
"LYB","LYONDELLBASELL INDU CL A","N53745100","B3SPXZ3",0.000545966042984529,"-",3073840,"USD"
"VST","VISTRA CORP","92840M102","BZ8VJQ8",0.0005427554193851072,"-",3943917,"USD"
"FTV","FORTIVE CORP","34959J108","BYT3MK1",0.0005419252581428891,"-",4249707,"USD"
"SBAC","SBA COMMUNICATIONS CORP","78410G104","BZ6TS23",0.000535604030370819,"-",1302797,"USD"
"CHD","CHURCH + DWIGHT CO INC","171340102","2195841",0.0005353639837465631,"-",2957808,"USD"
"HPE","HEWLETT PACKARD ENTERPRISE","42824C109","BYVYWS0",0.0005352939701478218,"-",15501617,"USD"
"EQR","EQUITY RESIDENTIAL","29476L107","2319157",0.0005288527190636238,"-",4134896,"USD"
"STE","STERIS PLC","G8473T100","BFY8C75",0.0005209011746351494,"-",1194225,"USD"
"TYL","TYLER TECHNOLOGIES INC","902252105","2909644",0.0005202910561318326,"-",504614,"USD"
"BRO","BROWN + BROWN INC","115236101","2692687",0.0005200710133929314,"-",2850797,"USD"
"VLTO","VERALTO CORP","92338C103","BPGMZQ5",0.0005118494165121691,"-",2650582,"USD"
"FSLR","FIRST SOLAR INC","336433107","B1HMF22",0.0005111892882954656,"-",1292684,"USD"
"WY","WEYERHAEUSER CO","962166104","2958936",0.0005097090007792213,"-",8823239,"USD"
"DECK","DECKERS OUTDOOR CORP","243537107","2267278",0.0005083987462884916,"-",309985,"USD"
"ZBH","ZIMMER BIOMET HOLDINGS INC","98956P102","2783815",0.0005079986685813986,"-",2526028,"USD"
"KEYS","KEYSIGHT TECHNOLOGIES IN","49338L103","BQZJ0Q9",0.0005060982994727066,"-",2110010,"USD"
"ES","EVERSOURCE ENERGY","30040W108","BVVN4Q8",0.0005053281498865525,"-",4226034,"USD"
"TTWO","TAKE TWO INTERACTIVE SOFTWRE","874054109","2122117",0.0005048880644087501,"-",1911280,"USD"
"EL","ESTEE LAUDER COMPANIES CL A","518439104","2320524",0.000493875925521014,"-",2809795,"USD"
"WST","WEST PHARMACEUTICAL SERVICES","955306105","2950482",0.0004884548725899031,"-",892762,"USD"
"PPL","PPL CORP","69351T106","2680905",0.0004870245947870455,"-",8878344,"USD"
"VTR","VENTAS INC","92276F100","2927925",0.0004857443461243477,"-",4853398,"USD"
"FE","FIRSTENERGY CORP","337932107","2100920",0.00048285378469060047,"-",6245186,"USD"
"SW","SMURFIT WESTROCK PLC","G8267P108","BRK49M5",0.00047688262491223674,"-",6082575,"USD"
"AXON","AXON ENTERPRISE INC","05464C101","BDT5S35",0.00046231979637404976,"-",852552,"USD"
"RJF","RAYMOND JAMES FINANCIAL INC","754730109","2718992",0.00046162966232931425,"-",2273946,"USD"
"AEE","AMEREN CORPORATION","023608102","2050832",0.00046123958656489855,"-",3136312,"USD"
"PTC","PTC INC","69370C100","B95N910",0.00045793894548138087,"-",1438736,"USD"
"WAT","WATERS CORP","941848103","2937689",0.0004561485977421395,"-",714946,"USD"
"DLTR","DOLLAR TREE INC","256746108","2272476",0.00045382814704099974,"-",2513882,"USD"
"HBAN","HUNTINGTON BANCSHARES INC","446150104","2445966",0.0004508075603524473,"-",17334200,"USD"
"INVH","INVITATION HOMES INC","46187W107","BD81GW9",0.0004474169017848337,"-",6958038,"USD"
"CINF","CINCINNATI FINANCIAL CORP","172062101","2196888",0.0004462866822622958,"-",1897741,"USD"
"HUBB","HUBBELL INC","443510607","BDFG6S3",0.00044502643748495273,"-",647484,"USD"
"BALL","BALL CORP","058498106","2073022",0.0004427159887264903,"-",3790219,"USD"
"MOH","MOLINA HEALTHCARE INC","60855R100","2212706",0.00044043554579605997,"-",702971,"USD"
"GPC","GENUINE PARTS CO","372460105","2367480",0.0004401054816877082,"-",1694843,"USD"
"CPAY","CORPAY INC","219948106","BMX5GK7",0.000437645003789086,"-",848787,"USD"
"RF","REGIONS FINANCIAL CORP","7591EP100","B01R311",0.00043752498047695804,"-",11223214,"USD"
"GDDY","GODADDY INC   CLASS A","380237107","BWFRFC6",0.0004356446152536207,"-",1702220,"USD"
"APTV","APTIV PLC","G6095L109","B783TY6",0.0004347144345846294,"-",3284505,"USD"
"SYF","SYNCHRONY FINANCIAL","87165B103","BP96PS6",0.00043450439378840553,"-",4944022,"USD"
"EQT","EQT CORP","26884L109","2319414",0.00043440437436163224,"-",7145760,"USD"
"LH","LABCORP HOLDINGS INC","504922105","BSBK800",0.00043290408296003333,"-",1024893,"USD"
"LDOS","LEIDOS HOLDINGS INC","525327102","BDV82B8",0.0004311637449341786,"-",1645834,"USD"
"TDY","TELEDYNE TECHNOLOGIES INC","879360105","2503477",0.00043032358174928317,"-",568585,"USD"
"BLDR","BUILDERS FIRSTSOURCE INC","12008R107","B0BV2M7",0.0004297934787873849,"-",1488879,"USD"
"MKC","MCCORMICK + CO NON VTG SHRS","579780206","2550161",0.0004286732612075244,"-",3034306,"USD"
"CBOE","CBOE GLOBAL MARKETS INC","12503M108","B5834C5",0.00042840320875523656,"-",1274347,"USD"
"HOLX","HOLOGIC INC","436440101","2433530",0.0004269029173536376,"-",2835118,"USD"
"WDC","WESTERN DIGITAL CORP","958102105","2954699",0.00042456246276714326,"-",3875528,"USD"
"ATO","ATMOS ENERGY CORP","049560105","2315359",0.0004231221830216083,"-",1797278,"USD"
"CMS","CMS ENERGY CORP","125896100","2219224",0.00042132183333968957,"-",3535015,"USD"
"STX","SEAGATE TECHNOLOGY HOLDINGS","G7997R103","BKVD2N4",0.00041831124859381436,"-",2334430,"USD"
"CTRA","COTERRA ENERGY INC","127097103","2162340",0.0004173510620967911,"-",9078972,"USD"
"CFG","CITIZENS FINANCIAL GROUP","174610105","BQRX1X3",0.00041428046569485193,"-",5622859,"USD"
"OMC","OMNICOM GROUP","681919106","2279303",0.0004101496633691162,"-",2389271,"USD"
"STLD","STEEL DYNAMICS INC","858119100","2849472",0.00040791923015207244,"-",1783856,"USD"
"COO","COOPER COS INC/THE","216648501","BQPDXR3",0.0004078792223813631,"-",2392487,"USD"
"TER","TERADYNE INC","880770102","2884183",0.00040732911553411017,"-",1848755,"USD"
"WBD","WARNER BROS DISCOVERY INC","934423104","BM8JYX3",0.00040656896789063336,"-",26807426,"USD"
"ESS","ESSEX PROPERTY TRUST INC","297178105","2316619",0.0004012579363289732,"-",776051,"USD"
"J","JACOBS SOLUTIONS INC","46982L108","BNGC0D3",0.00039902750311192944,"-",1523059,"USD"
"BAX","BAXTER INTERNATIONAL INC","071813109","2085102",0.00039897749339854285,"-",6121951,"USD"
"NTRS","NORTHERN TRUST CORP","665859104","2648668",0.0003935764443527867,"-",2502757,"USD"
"ARE","ALEXANDRIA REAL ESTATE EQUIT","015271109","2009210",0.00039235620734615284,"-",1884844,"USD"
"EXPD","EXPEDITORS INTL WASH INC","302130109","2325507",0.0003904658401801382,"-",1705795,"USD"
"CNP","CENTERPOINT ENERGY INC","15189T107","2440637",0.0003891755895747631,"-",7638946,"USD"
"PKG","PACKAGING CORP OF AMERICA","695156109","2504566",0.00038779532148529213,"-",1082191,"USD"
"TXT","TEXTRON INC","883203101","2885937",0.00038753527097568167,"-",2363449,"USD"
"ZBRA","ZEBRA TECHNOLOGIES CORP CL A","989207105","2989356",0.0003840745988093267,"-",619472,"USD"
"DRI","DARDEN RESTAURANTS INC","237194105","2289874",0.00038214422387260275,"-",1452709,"USD"
"PFG","PRINCIPAL FINANCIAL GROUP","74251V102","2803014",0.0003805839208149399,"-",2646459,"USD"
"TSN","TYSON FOODS INC CL A","902494103","2909730",0.000379543718776498,"-",3451493,"USD"
"AVY","AVERY DENNISON CORP","053611109","2066408",0.00037786339240670716,"-",975411,"USD"
"SWKS","SKYWORKS SOLUTIONS INC","83088M102","2961053",0.0003769432136803931,"-",1928311,"USD"
"ULTA","ULTA BEAUTY INC","90384S303","B28TS42",0.000373932628934518,"-",590409,"USD"
"MAA","MID AMERICA APARTMENT COMM","59522J103","2589132",0.0003711820946982532,"-",1400834,"USD"
"WRB","WR BERKLEY CORP","084423102","2093644",0.000365931074792657,"-",3691669,"USD"
"VRSN","VERISIGN INC","92343E102","2142922",0.0003651409213211482,"-",1071059,"USD"
"MAS","MASCO CORP","574599106","2570200",0.0003648408630408285,"-",2655310,"USD"
"CLX","CLOROX COMPANY","189054109","2204026",0.0003639106823718371,"-",1498988,"USD"
"BBY","BEST BUY CO INC","086516101","2094670",0.0003617502627535346,"-",2333152,"USD"
"DGX","QUEST DIAGNOSTICS INC","74834L100","2702791",0.00035991990724358396,"-",1346732,"USD"
"K","KELLANOVA","487836108","2486813",0.0003582395808737931,"-",3190049,"USD"
"ALGN","ALIGN TECHNOLOGY INC","016255101","2679204",0.00035576910103249354,"-",860944,"USD"
"IP","INTERNATIONAL PAPER CO","460146103","2465254",0.00035299856291087415,"-",4182799,"USD"
"EG","EVEREST GROUP LTD","G3223R108","2556868",0.00034759751386511805,"-",521423,"USD"
"CCL","CARNIVAL CORP","143658300","2523044",0.0003467573506802226,"-",12157375,"USD"
"LUV","SOUTHWEST AIRLINES CO","844741108","2831543",0.0003431366474310305,"-",7192665,"USD"
"SWK","STANLEY BLACK + DECKER INC","854502101","B3Q2FJ4",0.000341496328831949,"-",1859010,"USD"
"FDS","FACTSET RESEARCH SYSTEMS INC","303075105","2329770",0.00033952594612451573,"-",459004,"USD"
"MRO","MARATHON OIL CORP","565849106","2910970",0.00033787562558275694,"-",6810953,"USD"
"RVTY","REVVITY INC","714046109","2305844",0.0003371954934806988,"-",1490159,"USD"
"EXPE","EXPEDIA GROUP INC","30212P303","B748CK2",0.00033692544102841097,"-",1532462,"USD"
"DOC","HEALTHPEAK PROPERTIES INC","42250P103","BJBLRK3",0.000335975256474065,"-",8542918,"USD"
"NRG","NRG ENERGY INC","629377508","2212922",0.0003348950466649137,"-",2517597,"USD"
"AMCR","AMCOR PLC","G0250X107","BJ1F307",0.0003316644191801374,"-",17453053,"USD"
"ENPH","ENPHASE ENERGY INC","29355A107","B65SQW4",0.00032720355274604986,"-",1648378,"USD"
"BG","BUNGE GLOBAL SA","H11356104","BQ6BPG9",0.00032683348086698876,"-",1752116,"USD"
"DPZ","DOMINO S PIZZA INC","25754A201","B01SD70",0.00032539320112145385,"-",421417,"USD"
"IEX","IDEX CORP","45167R104","2456612",0.0003229527271081862,"-",909077,"USD"
"SNA","SNAP ON INC","833034101","2818740",0.0003228627096240903,"-",639463,"USD"
"KIM","KIMCO REALTY CORP","49446R109","2491594",0.00032065228029240115,"-",8049649,"USD"
"L","LOEWS CORP","540424108","2523022",0.0003168415401323399,"-",2210472,"USD"
"AKAM","AKAMAI TECHNOLOGIES INC","00971T101","2507457",0.0003148111457688427,"-",1822555,"USD"
"CAG","CONAGRA BRANDS INC","205887102","2215460",0.00031452108943120024,"-",5744962,"USD"
"VTRS","VIATRIS INC","92556V106","BMWS3X9",0.00031400098841197926,"-",14506443,"USD"
"LNT","ALLIANT ENERGY CORP","018802108","2973821",0.00031219063678738324,"-",3047117,"USD"
"KEY","KEYCORP","493267108","2490911",0.00031188057656438613,"-",11322485,"USD"
"NI","NISOURCE INC","65473P105","2645409",0.000311140432806264,"-",5413075,"USD"
"GEN","GEN DIGITAL INC","668771108","BJN4XN5",0.00031071034927113893,"-",6801861,"USD"
"LVS","LAS VEGAS SANDS CORP","517834107","B02T2J7",0.0003105303143029471,"-",4460166,"USD"
"POOL","POOL CORP","73278L105","2781585",0.00030907003067205744,"-",467160,"USD"
"PNR","PENTAIR PLC","G7S00T104","BLS09M3",0.00030811984611771147,"-",1982643,"USD"
"UAL","UNITED AIRLINES HOLDINGS INC","910047109","B4QG225",0.00030364897774094664,"-",3958925,"USD"
"CF","CF INDUSTRIES HOLDINGS INC","125269100","B0G4K50",0.0003026987931866006,"-",2206478,"USD"
"PODD","INSULET CORP","45784P101","B1XGNW4",0.0003015785756067401,"-",844796,"USD"
"EVRG","EVERGY INC","30034W106","BFMXGR0",0.0003009284493327139,"-",2782827,"USD"
"JBHT","HUNT (JB) TRANSPRT SVCS INC","445658107","2445416",0.00030013829586120514,"-",985040,"USD"
"CE","CELANESE CORP","150870103","B05MZT4",0.0002996682045553708,"-",1203788,"USD"
"ROL","ROLLINS INC","775711104","2747305",0.00029079648140058244,"-",3389839,"USD"
"LYV","LIVE NATION ENTERTAINMENT IN","538034109","B0T7YX2",0.0002883360035019602,"-",1713459,"USD"
"JBL","JABIL INC","466313103","2471789",0.0002873458111769049,"-",1456588,"USD"
"UHS","UNIVERSAL HEALTH SERVICES B","913903100","2923785",0.00028731580534887294,"-",735587,"USD"
"NDSN","NORDSON CORP","655663102","2641838",0.00028671568878823337,"-",651032,"USD"
"TRMB","TRIMBLE INC","896239100","2903958",0.00028540543429750364,"-",3003173,"USD"
"TECH","BIO TECHNE CORP","09073M104","BSHZ3Q0",0.0002841751953481925,"-",1906745,"USD"
"KMX","CARMAX INC","143130102","2983563",0.0002825748845198203,"-",1913425,"USD"
"CRL","CHARLES RIVER LABORATORIES","159864107","2604336",0.00027130269512247365,"-",617310,"USD"
"UDR","UDR INC","902653104","2727910",0.000270302500854741,"-",3666885,"USD"
"JKHY","JACK HENRY + ASSOCIATES INC","426281101","2469193",0.0002697623959501654,"-",881614,"USD"
"EPAM","EPAM SYSTEMS INC","29414B104","B44Z3T8",0.0002692222910455898,"-",692078,"USD"
"SJM","JM SMUCKER CO/THE","832696405","2951452",0.0002691522774468485,"-",1239422,"USD"
"CPT","CAMDEN PROPERTY TRUST","133131102","2166320",0.0002689122308225927,"-",1291257,"USD"
"JNPR","JUNIPER NETWORKS INC","48203R104","2431846",0.0002640912944521215,"-",3854271,"USD"
"EMN","EASTMAN CHEMICAL CO","277432100","2298386",0.0002638412458851883,"-",1433441,"USD"
"AES","AES CORP","00130H105","2002479",0.0002634311662354179,"-",8127174,"USD"
"CHRW","C.H. ROBINSON WORLDWIDE INC","12541W209","2116228",0.00026054060480167063,"-",1408493,"USD"
"IPG","INTERPUBLIC GROUP OF COS INC","460690100","2466321",0.00025956041441929265,"-",4632421,"USD"
"HST","HOST HOTELS + RESORTS INC","44107P104","2567503",0.000258220154100531,"-",8518162,"USD"
"ALLE","ALLEGION PLC","G0176J109","BFRT3W7",0.0002539793304053446,"-",1060823,"USD"
"FFIV","F5 INC","315616102","2427599",0.0002536992760103795,"-",717105,"USD"
"REG","REGENCY CENTERS CORP","758849103","2726177",0.0002468679491617657,"-",1989543,"USD"
"APA","APA CORP","03743Q108","BNNF1C1",0.000244577504288658,"-",4348057,"USD"
"TFX","TELEFLEX INC","879369106","2881407",0.00024298719540296313,"-",569016,"USD"
"ALB","ALBEMARLE CORP","012653101","2046853",0.00023927647466967508,"-",1419046,"USD"
"CTLT","CATALENT INC","148806102","BP96PQ4",0.00023624588603844525,"-",2183562,"USD"
"QRVO","QORVO INC","74736K101","BR9YYP4",0.0002359158219300935,"-",1178077,"USD"
"LKQ","LKQ CORP","501889208","2971029",0.00023530570342677657,"-",3236679,"USD"
"HII","HUNTINGTON INGALLS INDUSTRIE","446413106","B40SSC9",0.0002319550526298723,"-",480023,"USD"
"NWSA","NEWS CORP   CLASS A","65249B109","BBGVT40",0.00022662401718285744,"-",4608720,"USD"
"MTCH","MATCH GROUP INC","57667L107","BK80XH9",0.0002229533042202787,"-",3278929,"USD"
"AOS","SMITH (A.O.) CORP","831865209","2816023",0.00022144301087600245,"-",1482418,"USD"
"BXP","BXP INC","101121101","2019479",0.00021657206479214458,"-",1702477,"USD"
"PNW","PINNACLE WEST CAPITAL","723484101","2048804",0.00021629201039717944,"-",1356987,"USD"
"TAP","MOLSON COORS BEVERAGE CO   B","60871R209","B067BM3",0.00021421160632029558,"-",2242582,"USD"
"HSIC","HENRY SCHEIN INC","806407102","2416962",0.0002079903979749987,"-",1579035,"USD"
"INCY","INCYTE CORP","45337C102","2471950",0.00020713023090474864,"-",1776631,"USD"
"CPB","CAMPBELL SOUP CO","134429109","2162845",0.0002063900871466265,"-",2381218,"USD"
"MOS","MOSAIC CO/THE","61945C103","B3NPHP6",0.00020599000943953344,"-",3943743,"USD"
"HRL","HORMEL FOODS CORP","440452100","2437264",0.000205209857910702,"-",3493143,"USD"
"MGM","MGM RESORTS INTERNATIONAL","552953101","2547419",0.00020449971998061183,"-",3030103,"USD"
"FOXA","FOX CORP   CLASS A","35137L105","BJJMGL2",0.00020114906918370756,"-",2942563,"USD"
"AIZ","ASSURANT INC","04621X108","2331430",0.00020057895845109996,"-",634984,"USD"
"TPR","TAPESTRY INC","876030107","BF09HX3",0.0001960980881316578,"-",2767571,"USD"
"GNRC","GENERAC HOLDINGS INC","368736104","B6197Q2",0.0001952879307747944,"-",741605,"USD"
"DAY","DAYFORCE INC","15677J108","BFX1V56",0.0001896368331621051,"-",1852552,"USD"
"WBA","WALGREENS BOOTS ALLIANCE INC","931427108","BTN1Y44",0.00018569606774723854,"-",8688128,"USD"
"LW","LAMB WESTON HOLDINGS INC","513272104","BDQZFJ3",0.00018515596284266294,"-",1735509,"USD"
"MKTX","MARKETAXESS HOLDINGS INC","57060D108","B03Q9D0",0.00018164528096292144,"-",453708,"USD"
"HAS","HASBRO INC","418056107","2414580",0.00018144524210937492,"-",1542148,"USD"
"FRT","FEDERAL REALTY INVS TRUST","313745101","BN7P9B2",0.00018097515080354057,"-",886474,"USD"
"PAYC","PAYCOM SOFTWARE INC","70432V102","BL95MY0",0.0001783446398794038,"-",588747,"USD"
"BF-B","BROWN FORMAN CORP CLASS B","115637209","2146838",0.00017695436984725544,"-",2183878,"USD"
"FMC","FMC CORP","302491303","2328603",0.00017685435042048218,"-",1518776,"USD"
"MHK","MOHAWK INDUSTRIES INC","608190104","2598699",0.00017572413089794433,"-",620479,"USD"
"SOLV","SOLVENTUM CORP","83444M101","BMTQB43",0.0001754040687322699,"-",1669246,"USD"
"BBWI","BATH + BODY WORKS INC","070830104","BNNTGJ5",0.00017485396188501694,"-",2750123,"USD"
"GL","GLOBE LIFE INC","37959E102","BK6YKG1",0.00017385376761728432,"-",1033486,"USD"
"CZR","CAESARS ENTERTAINMENT INC","12769G100","BMWWGB0",0.00017366373070641511,"-",2568373,"USD"
"BWA","BORGWARNER INC","099724106","2111955",0.00017352370350893253,"-",2817540,"USD"
"IVZ","INVESCO LTD","G491BT108","B28XP76",0.00016585221347542334,"-",5448185,"USD"
"WYNN","WYNN RESORTS LTD","983134107","2963811",0.00016499204640517328,"-",1158219,"USD"
"DVA","DAVITA INC","23918K108","2898087",0.00016192145000323412,"-",650571,"USD"
"NCLH","NORWEGIAN CRUISE LINE HOLDIN","G66721104","B9CGTC3",0.00015754059911056526,"-",5017136,"USD"
"ETSY","ETSY INC","29786A106","BWTN5N1",0.00015721053500221348,"-",1443898,"USD"
"BIO","BIO RAD LABORATORIES A","090572207","2098508",0.00015568023777258257,"-",252071,"USD"
"RL","RALPH LAUREN CORP","751212101","B4V9661",0.00014975908770760546,"-",479432,"USD"
"AAL","AMERICAN AIRLINES GROUP INC","02376R102","BCV7KT2",0.0001448481338530383,"-",7893101,"USD"
"BEN","FRANKLIN RESOURCES INC","354613101","2350684",0.00013738668461575293,"-",3413229,"USD"
"PARA","PARAMOUNT GLOBAL CLASS B","92556H206","BKTNTR9",0.00011747281674519642,"-",5842447,"USD"
"FOX","FOX CORP   CLASS B","35137L204","BJJMGY5",0.00010165974537234366,"-",1595713,"USD"
"NWS","NEWS CORP   CLASS B","65249B208","BBGVT51",0.00007078374832743764,"-",1397304,"USD"
