"symbol","company","identifier","sedol","weight","sector","shares_held","local_currency"
"NVDA","NVIDIA CORP","67066G104","2379504",0.0794008116258658,"-",300914069,"USD"
"AAPL","APPLE INC","037833100","2046251",0.07011813692948914,"-",182473888,"USD"
"MSFT","MICROSOFT CORP","594918104","2588173",0.0541079274950548,"-",92289203,"USD"
"AMZN","AMAZON.COM INC","023135106","2000019",0.03921370962900877,"-",121622588,"USD"
"GOOGL","ALPHABET INC CL A","02079K305","BYVY8G0",0.030458640969289578,"-",72851862,"USD"
"AVGO","BROADCOM INC","11135F101","BDZ78H9",0.025860969811430094,"-",58824394,"USD"
"GOOG","ALPHABET INC CL C","02079K107","BYY88Y7",0.024335689623460475,"-",58721260,"USD"
"META","META PLATFORMS INC CLASS A","30303M102","B7TL820",0.018068338203163233,"-",27283386,"USD"
"MU","MICRON TECHNOLOGY INC","595112103","2588184",0.015923737471320084,"-",14010490,"USD"
"LLY","ELI LILLY + CO","532457108","2516152",0.0152607757492556,"-",9827610,"USD"
"TSLA","TESLA INC","88160R101","B616C79",0.014894427968004314,"-",34975579,"USD"
"JPM","JPMORGAN CHASE + CO","46625H100","2190385",0.014423899630012452,"-",33288546,"USD"
"BRK-B","BERKSHIRE HATHAWAY INC CL B","084670702","2073390",0.013801377532488966,"-",22776093,"USD"
"AMD","ADVANCED MICRO DEVICES","007903107","2007849",0.011459320979284827,"-",20257157,"USD"
"XOM","EXXONMOBIL HOLDINGS CORP","30233Q108","BVSRPD7",0.010289963513493828,"-",51491128,"USD"
"JNJ","JOHNSON + JOHNSON","478160104","2475833",0.00991611209087546,"-",29903620,"USD"
"V","VISA INC CLASS A SHARES","92826C839","B2PZN04",0.009139995456995372,"-",20616162,"USD"
"WMT","WALMART INC","931142103","2936921",0.007549363555146041,"-",54457853,"USD"
"ABBV","ABBVIE INC","00287Y109","B92SR70",0.007079295440491362,"-",21945937,"USD"
"MA","MASTERCARD INC   A","57636Q104","B121557",0.006973994339973303,"-",10022543,"USD"
"INTC","INTEL CORP","458140100","2463247",0.006904980849106454,"-",61349542,"USD"
"CSCO","CISCO SYSTEMS INC","17275R102","2198163",0.006578352342824926,"-",49063106,"USD"
"COST","COSTCO WHOLESALE CORP","22160K105","2701271",0.0063962039498527854,"-",5510759,"USD"
"BAC","BANK OF AMERICA CORP","060505104","2295677",0.006213185134482062,"-",81096171,"USD"
"PLTR","PALANTIR TECHNOLOGIES INC A","69608A108","BN78DQ4",0.006059290452470775,"-",28517337,"USD"
"AMAT","APPLIED MATERIALS INC","038222105","2046552",0.005927856670284956,"-",9861157,"USD"
"CVX","CHEVRON CORP","166764100","2838555",0.005802836000254204,"-",23252827,"USD"
"LRCX","LAM RESEARCH CORP","512807306","BSML4N7",0.005788869222456273,"-",15538591,"USD"
"MRK","MERCK + CO. INC.","58933Y105","2778844",0.005664448843734887,"-",30685958,"USD"
"CAT","CATERPILLAR INC","149123101","2180201",0.005663048164013033,"-",5721070,"USD"
"GE","GENERAL ELECTRIC","369604301","BL59CR9",0.005598957061882991,"-",12959048,"USD"
"UNH","UNITEDHEALTH GROUP INC","91324P102","2917766",0.0053163799328538154,"-",11279729,"USD"
"KO","COCA COLA CO/THE","191216100","2206657",0.005269827341812435,"-",48091161,"USD"
"HD","HOME DEPOT INC","437076102","2434209",0.005165506717099674,"-",12370084,"USD"
"NFLX","NETFLIX INC","64110L106","2857817",0.005087979094494976,"-",52294908,"USD"
"PG","PROCTER + GAMBLE CO/THE","742718109","2704407",0.005064107510092498,"-",28919603,"USD"
"GS","GOLDMAN SACHS GROUP INC","38141G104","2407966",0.004539683017374671,"-",3663700,"USD"
"RTX","RTX CORP","75513E101","BM5M5Y3",0.0044713898760790636,"-",16731172,"USD"
"PM","PHILIP MORRIS INTERNATIONAL","718172109","B2PKRQ3",0.004458863797423614,"-",19356506,"USD"
"PANW","PALO ALTO NETWORKS INC","697435105","B87ZMX0",0.00439498279725185,"-",10072578,"USD"
"GEV","GE VERNOVA INC","36828A101","BP6H4Y1",0.003999901071992216,"-",3339849,"USD"
"WFC","WELLS FARGO + CO","949746101","2649100",0.003961282331089631,"-",38004679,"USD"
"MS","MORGAN STANLEY","617446448","2262314",0.003867977051903748,"-",14886771,"USD"
"KLAC","KLA CORP","482480100","2480138",0.0036858686783522313,"-",16228126,"USD"
"ORCL","ORACLE CORP","68389X105","2661568",0.0036782449787232745,"-",21088613,"USD"
"TXN","TEXAS INSTRUMENTS INC","882508104","2885409",0.0036673997157340515,"-",11306077,"USD"
"AMGN","AMGEN INC","031162100","2023607",0.0035976458655856518,"-",6705622,"USD"
"SNDK","SANDISK CORP","80004C200","BSNPZV3",0.0035023596250788585,"-",1840647,"USD"
"TMO","THERMO FISHER SCIENTIFIC INC","883556102","2886907",0.0034350669692988613,"-",4616244,"USD"
"C","CITIGROUP INC","172967424","2297907",0.0034137166083957225,"-",21180282,"USD"
"IBM","INTL BUSINESS MACHINES CORP","459200101","2005973",0.0033570391039363582,"-",11671087,"USD"
"LIN","LINDE PLC","G54950103","BNZHB81",0.003350285826705984,"-",5741374,"USD"
"MRVL","MARVELL TECHNOLOGY INC","573874104","BNKJSM5",0.003128468183039866,"-",10871408,"USD"
"VZ","VERIZON COMMUNICATIONS INC","92343V104","2090571",0.0031049567734230065,"-",51865260,"USD"
"CRWD","CROWDSTRIKE HOLDINGS INC   A","22788C105","BJJP138",0.0030929509472356746,"-",12647798,"USD"
"ABT","ABBOTT LABORATORIES","002824100","2002305",0.003002617110031156,"-",21634958,"USD"
"PEP","PEPSICO INC","713448108","2681511",0.002935664619326467,"-",16976333,"USD"
"ANET","ARISTA NETWORKS INC","040413205","BL9XPM3",0.002900337475770242,"-",12825740,"USD"
"APH","AMPHENOL CORP CL A","032095101","2145084",0.0028920134362803583,"-",15281338,"USD"
"MCD","MCDONALD S CORP","580135101","2550707",0.002862669196107487,"-",8825212,"USD"
"STX","SEAGATE TECHNOLOGY HOLDINGS","G7997R103","BKVD2N4",0.002811584405680389,"-",2784404,"USD"
"DIS","WALT DISNEY CO/THE","254687106","2270726",0.0027971273899798097,"-",21568005,"USD"
"GILD","GILEAD SCIENCES INC","375558103","2369174",0.0027604195764120414,"-",15420021,"USD"
"ADI","ANALOG DEVICES INC","032654105","2032067",0.0027451821820092853,"-",6063958,"USD"
"SCHW","SCHWAB (CHARLES) CORP","808513105","2779397",0.0027305350740607407,"-",20304463,"USD"
"AXP","AMERICAN EXPRESS CO","025816109","2026082",0.0027250324037248795,"-",6610248,"USD"
"UNP","UNION PACIFIC CORP","907818108","2914734",0.0026991598482911786,"-",7374056,"USD"
"NEE","NEXTERA ENERGY INC","65339F101","2328915",0.002698699624953998,"-",25900470,"USD"
"BA","BOEING CO/THE","097023105","2108601",0.0026386404794518687,"-",9791138,"USD"
"T","AT+T INC","00206R102","2831811",0.0026291758864741884,"-",86297231,"USD"
"QCOM","QUALCOMM INC","747525103","2714923",0.0025705874546800072,"-",13090481,"USD"
"CRM","SALESFORCE INC","79466L302","2310525",0.0025394723551445046,"-",10159754,"USD"
"BLK","BLACKROCK INC","09290D101","BMZBBT7",0.0025204131060721146,"-",1793140,"USD"
"WELL","WELLTOWER INC","95040Q104","BYVYHH4",0.0025064963525499653,"-",8766947,"USD"
"BKNG","BOOKING HOLDINGS INC","09857L108","BDRXDB4",0.0024861464771624374,"-",9623730,"USD"
"ETN","EATON CORP PLC","G29183103","B8KQN82",0.0024840454575796546,"-",4822855,"USD"
"PFE","PFIZER INC","717081103","2684703",0.0024233960256233146,"-",70754735,"USD"
"TJX","TJX COMPANIES INC","872540109","2989301",0.0024069580486018255,"-",13734026,"USD"
"WDC","WESTERN DIGITAL CORP","958102105","2954699",0.002398443916863976,"-",4279574,"USD"
"COP","CONOCOPHILLIPS","20825C104","2685717",0.0023961327953229143,"-",15129712,"USD"
"UBER","UBER TECHNOLOGIES INC","90353T100","BK6N347",0.0023928111834110857,"-",25280640,"USD"
"DE","DEERE + CO","244199105","2261203",0.0021967960611925757,"-",3119516,"USD"
"ISRG","INTUITIVE SURGICAL INC","46120E602","2871301",0.0021206591134545773,"-",4396325,"USD"
"VRTX","VERTEX PHARMACEUTICALS INC","92532F100","2931034",0.0021093236125627043,"-",3150318,"USD"
"BMY","BRISTOL MYERS SQUIBB CO","110122108","2126335",0.0020784686392612607,"-",25347120,"USD"
"COF","CAPITAL ONE FINANCIAL CORP","14040H105","2654461",0.002068653876353117,"-",7727217,"USD"
"PLD","PROLOGIS INC","74340W103","B44WZD7",0.0020167787023686857,"-",11768301,"USD"
"NEM","NEWMONT CORP","651639106","2636607",0.002010115468834716,"-",13250452,"USD"
"DHR","DANAHER CORP","235851102","2250870",0.002005623288869623,"-",7818733,"USD"
"NOW","SERVICENOW INC","81762P102","B80NXX8",0.00197558871369098,"-",12805810,"USD"
"SPGI","S+P GLOBAL INC","78409V104","BYV2325",0.0019474950804126226,"-",3763497,"USD"
"PH","PARKER HANNIFIN CORP","701094104","2671501",0.0019422925557314454,"-",1565057,"USD"
"PGR","PROGRESSIVE CORP","743315103","2705024",0.0019111474416304746,"-",7252540,"USD"
"DELL","DELL TECHNOLOGIES  C","24703L202","BHKD3S6",0.0019061350091972634,"-",3591891,"USD"
"LOW","LOWE S COS INC","548661107","2536763",0.0018547500731154816,"-",6951209,"USD"
"CB","CHUBB LTD","H1467J104","B3BQMF6",0.0018511983495350624,"-",4477097,"USD"
"MDT","MEDTRONIC PLC","G5960L103","BTN1Y11",0.0018191327887597292,"-",15934287,"USD"
"SBUX","STARBUCKS CORP","855244109","2842255",0.0018010840300581065,"-",14145669,"USD"
"LMT","LOCKHEED MARTIN CORP","539830109","2522096",0.0018004036999074912,"-",2519657,"USD"
"CVS","CVS HEALTH CORP","126650100","2577609",0.0017987629036618892,"-",15836638,"USD"
"GLW","CORNING INC","219350105","2224701",0.0017975323064776875,"-",9721155,"USD"
"SYK","STRYKER CORP","863667101","2853688",0.0017657268719364135,"-",4282193,"USD"
"HWM","HOWMET AEROSPACE INC","443201108","BKLJ8V2",0.0017073085226798862,"-",4965766,"USD"
"ACN","ACCENTURE PLC CL A","G1151C101","B4BNMY3",0.0016925713710349358,"-",7618852,"USD"
"ADP","AUTOMATIC DATA PROCESSING","053015103","2065308",0.0016678893933648122,"-",4960649,"USD"
"MO","ALTRIA GROUP INC","02209S103","2692632",0.0016596253830058652,"-",20723577,"USD"
"ADBE","ADOBE INC","00724F101","2008154",0.0016574843440024577,"-",5015647,"USD"
"BNY","BANK OF NEW YORK MELLON CORP","064058100","B1Z77F6",0.0016505109599586488,"-",8518192,"USD"
"BX","BLACKSTONE INC","09260D107","BKF2SL7",0.001622257248997794,"-",9218922,"USD"
"EQIX","EQUINIX INC","29444U700","BVLZX12",0.00160068678128122,"-",1225332,"USD"
"MPC","MARATHON PETROLEUM CORP","56585A102","B3K3L40",0.0015850091732515956,"-",3622612,"USD"
"SO","SOUTHERN CO/THE","842587107","2829601",0.001564149050251106,"-",13989179,"USD"
"VLO","VALERO ENERGY CORP","91913Y100","2041364",0.0015473308887336847,"-",3684484,"USD"
"MCK","MCKESSON CORP","58155Q103","2378534",0.0015452898982818383,"-",1492433,"USD"
"PWR","QUANTA SERVICES INC","74762E102","2150204",0.001529912435906897,"-",1862142,"USD"
"TT","TRANE TECHNOLOGIES PLC","G8994E103","BK9ZQ96",0.0015152553231031955,"-",2742925,"USD"
"INTU","INTUIT INC","461202103","2459020",0.0015118936917707425,"-",3439097,"USD"
"VRT","VERTIV HOLDINGS CO A","92537N108","BL3LWS8",0.0015112733907510637,"-",4774182,"USD"
"GD","GENERAL DYNAMICS CORP","369550108","2365161",0.001502058919152286,"-",3156617,"USD"
"FCX","FREEPORT MCMORAN INC","35671D857","2352118",0.001498117006220779,"-",17878318,"USD"
"PNC","PNC FINANCIAL SERVICES GROUP","693475105","2692665",0.0014895628550623046,"-",4983212,"USD"
"USB","US BANCORP","902973304","2736035",0.0014676122028497989,"-",19262440,"USD"
"PSX","PHILLIPS 66","718546104","B78C4Y8",0.0014651810230468642,"-",4985990,"USD"
"CME","CME GROUP INC","12572Q105","2965839",0.001455606376662467,"-",4496010,"USD"
"DUK","DUKE ENERGY CORP","26441C204","B7VD3F2",0.001449993652919889,"-",9672641,"USD"
"FTNT","FORTINET INC","34959E109","B5B2106",0.0014324351321209157,"-",7726942,"USD"
"CMCSA","COMCAST CORP CLASS A","20030N101","2044545",0.0014289434376714334,"-",44309291,"USD"
"MMM","3M CO","88579Y101","2595708",0.0014212296943460724,"-",6486339,"USD"
"CSX","CSX CORP","126408103","2160753",0.0014204593204990518,"-",23109357,"USD"
"MRSH","MARSH + MCLENNAN COS","571748102","2567741",0.0013749172198284382,"-",5991749,"USD"
"WMB","WILLIAMS COS INC","969457100","2967181",0.0013488045478709909,"-",15184386,"USD"
"ICE","INTERCONTINENTAL EXCHANGE IN","45866F104","BFSSDS9",0.0013412909016487522,"-",7033283,"USD"
"JCI","JOHNSON CONTROLS INTERNATION","G51502105","BY7QL61",0.0013338773039780745,"-",7587965,"USD"
"EMR","EMERSON ELECTRIC CO","291011104","2313405",0.001331536167871545,"-",6966176,"USD"
"CEG","CONSTELLATION ENERGY","21037T109","BMH4FS1",0.0013219515166319911,"-",3975508,"USD"
"CDNS","CADENCE DESIGN SYS INC","127387108","2302232",0.0013105059623334011,"-",3430460,"USD"
"ELV","ELEVANCE HEALTH INC","036752103","BSPHGL4",0.0013052634182315994,"-",2700972,"USD"
"TMUS","T MOBILE US INC","872590104","B94Q9V0",0.001280061188093358,"-",5787583,"USD"
"REGN","REGENERON PHARMACEUTICALS","75886F107","2730190",0.0012674350608863469,"-",1242825,"USD"
"CMI","CUMMINS INC","231021106","2240202",0.0012662845025433944,"-",1716170,"USD"
"APP","APPLOVIN CORP CLASS A","03831W108","BMV3LG4",0.0012613020846756514,"-",3346165,"USD"
"DASH","DOORDASH INC   A","25809K105","BN13P03",0.0012569699823930557,"-",4706130,"USD"
"WM","WASTE MANAGEMENT INC","94106L109","2937667",0.0012542886812112184,"-",4594694,"USD"
"MDLZ","MONDELEZ INTERNATIONAL INC A","609207105","B8CKK03",0.001239101311084243,"-",15923555,"USD"
"AMT","AMERICAN TOWER CORP","03027X100","B7FBFL2",0.0012262350673534854,"-",5794269,"USD"
"SHW","SHERWIN WILLIAMS CO/THE","824348106","2804211",0.0012233936884891502,"-",2852748,"USD"
"SLB","SLB LTD","806857108","2779201",0.001207586017342496,"-",18593276,"USD"
"MSI","MOTOROLA SOLUTIONS INC","620076307","B5BKPQ4",0.0012035540607145837,"-",2063773,"USD"
"EOG","EOG RESOURCES INC","26875P101","2318024",0.001200942793518839,"-",6624215,"USD"
"MAR","MARRIOTT INTERNATIONAL  CL A","571903202","2210614",0.001185965525350142,"-",2722126,"USD"
"ABNB","AIRBNB INC CLASS A","009066101","BMGYYH4",0.0011749501798232647,"-",5197486,"USD"
"NOC","NORTHROP GRUMMAN CORP","666807102","2648806",0.0011734694612601604,"-",1660043,"USD"
"NSC","NORFOLK SOUTHERN CORP","655844108","2641894",0.001168427014261481,"-",2786682,"USD"
"BSX","BOSTON SCIENTIFIC CORP","101137107","2113434",0.0011660358538791704,"-",18485067,"USD"
"DDOG","DATADOG INC   CLASS A","23804L103","BKT9Y49",0.0011653955431491796,"-",4114780,"USD"
"TRV","TRAVELERS COS INC/THE","89417E109","2769503",0.0011617037515965747,"-",2644354,"USD"
"SNPS","SYNOPSYS INC","871607107","2867719",0.001159372620345201,"-",2382414,"USD"
"UPS","UNITED PARCEL SERVICE CL B","911312106","2517382",0.001158352125119278,"-",9285188,"USD"
"GM","GENERAL MOTORS CO","37045V100","B665KZ5",0.0011555107462549426,"-",11213906,"USD"
"KKR","KKR + CO INC","48251W104","BG1FRR1",0.0011519290081090552,"-",8598366,"USD"
"HLT","HILTON WORLDWIDE HOLDINGS IN","43300A203","BYVMW06",0.0011494377991751838,"-",2831318,"USD"
"ROST","ROSS STORES INC","778296103","2746711",0.0011405134683759334,"-",4006844,"USD"
"HOOD","ROBINHOOD MARKETS INC   A","770700102","BP0TQN6",0.0011402333324315624,"-",9816638,"USD"
"ORLY","O REILLY AUTOMOTIVE INC","67103H107","B65LWX6",0.0011399832110526597,"-",10306232,"USD"
"RCL","ROYAL CARIBBEAN CRUISES LTD","V7780T103","2754907",0.001130918812281224,"-",3102391,"USD"
"MCO","MOODY S CORP","615369105","2252058",0.0011263465934748815,"-",1868468,"USD"
"ITW","ILLINOIS TOOL WORKS","452308109","2457552",0.0011226247873568087,"-",3256355,"USD"
"AON","AON PLC CLASS A","G0403H108","BLP1HW5",0.0011225947727913402,"-",2656475,"USD"
"CI","THE CIGNA GROUP","125523100","BHJ0775",0.0011069571841823402,"-",3289601,"USD"
"CL","COLGATE PALMOLIVE CO","194162103","2209106",0.0010967922513437321,"-",9951817,"USD"
"SPG","SIMON PROPERTY GROUP INC","828806109","2812452",0.00109167977035896,"-",4033080,"USD"
"ECL","ECOLAB INC","278865100","2304227",0.0010913396052836522,"-",3150418,"USD"
"TGT","TARGET CORP","87612E106","2259101",0.0010873176535108958,"-",5638401,"USD"
"FDX","FEDEX CORP","31428X106","2142784",0.0010872276098144909,"-",2729855,"USD"
"WBD","WARNER BROS DISCOVERY INC","934423104","BM8JYX3",0.001066537569351655,"-",30822705,"USD"
"HPE","HEWLETT PACKARD ENTERPRISE","42824C109","BYVYWS0",0.0010629858457712358,"-",16496287,"USD"
"HON","HONEYWELL INTERNATIONAL INC","438516205","BN7RHC5",0.0010595941998733146,"-",3940154,"USD"
"URI","UNITED RENTALS INC","911363109","2134781",0.0010550820101979089,"-",778776,"USD"
"CTAS","CINTAS CORP","172908105","2197137",0.0010391742904996937,"-",4219087,"USD"
"AEP","AMERICAN ELECTRIC POWER","025537101","2026242",0.0010362728825044217,"-",6766591,"USD"
"TDG","TRANSDIGM GROUP INC","893641100","B11FJK3",0.0010310703578232444,"-",695170,"USD"
"MNST","MONSTER BEVERAGE CORP","61174X109","BZ07BW4",0.0010210154783913538,"-",17749156,"USD"
"APD","AIR PRODUCTS + CHEMICALS INC","009158106","2011602",0.0010188044054018535,"-",2770329,"USD"
"-","US DOLLAR","999USDZ92","-",0.0010177338859001497,"-",839128967.28,"USD"
"PCAR","PACCAR INC","693718108","2665861",0.0010119110601992936,"-",6545320,"USD"
"ALL","ALLSTATE CORP","020002101","2019952",0.0010084793948807477,"-",3201274,"USD"
"DLR","DIGITAL REALTY TRUST INC","253868103","B03GQS4",0.0010083793463291867,"-",4322446,"USD"
"AJG","ARTHUR J GALLAGHER + CO","363576109","2359506",0.000997684156167305,"-",3195193,"USD"
"LITE","LUMENTUM HOLDINGS INC","55024U109","BYM9ZP2",0.0009710912511623641,"-",967469,"USD"
"BKR","BAKER HUGHES CO","05722G100","BDHLTQ5",0.0009650283089377614,"-",12339904,"USD"
"MPWR","MONOLITHIC POWER SYSTEMS INC","609839105","B01Z7J1",0.0009626471534106071,"-",610480,"USD"
"TRGP","TARGA RESOURCES CORP","87612G101","B55PZY3",0.000961726706736245,"-",2669062,"USD"
"TFC","TRUIST FINANCIAL CORP","89832Q109","BKP7287",0.0009578448229356743,"-",15494519,"USD"
"CRH","CRH PLC","G25508105","B01ZKD6",0.0009548533712439973,"-",8309985,"USD"
"HCA","HCA HEALTHCARE INC","40412C101","B4MGBG6",0.0009534526915221419,"-",1931290,"USD"
"KMI","KINDER MORGAN INC","49456B101","B3NQ4P8",0.000947379744442383,"-",24349282,"USD"
"COR","CENCORA INC","03073E105","2795393",0.0009307216606074596,"-",2420021,"USD"
"APO","APOLLO GLOBAL MANAGEMENT INC","03769M106","BN44JF6",0.0009296011168299752,"-",5735714,"USD"
"MRNA","MODERNA INC","60770K107","BGSXTS3",0.0009289107818242037,"-",4392113,"USD"
"OKE","ONEOK INC","682680103","2130109",0.0009123927659614658,"-",7835430,"USD"
"D","DOMINION ENERGY INC","25746U109","2542049",0.0009059296295306187,"-",10937922,"USD"
"FIX","COMFORT SYSTEMS USA INC","199908104","2036047",0.00089823589591557,"-",436664,"USD"
"TEL","TE CONNECTIVITY PLC","G87052109","BRC3N84",0.0008962649394498162,"-",3630112,"USD"
"TER","TERADYNE INC","880770102","2884183",0.0008961949054637235,"-",1946319,"USD"
"FAST","FASTENAL CO","311900104","2332262",0.0008907522642587996,"-",14277583,"USD"
"O","REALTY INCOME CORP","756109104","2724193",0.0008853896618951245,"-",11596752,"USD"
"NXPI","NXP SEMICONDUCTORS NV","N6596X109","B505PN7",0.0008608577570523424,"-",3140382,"USD"
"F","FORD MOTOR CO","345370860","2615468",0.0008560054023016289,"-",48675142,"USD"
"GWW","WW GRAINGER INC","384802104","2380863",0.0008559853925913167,"-",540011,"USD"
"NUE","NUCOR CORP","670346105","2651086",0.0008544946691730563,"-",2832440,"USD"
"CIEN","CIENA CORP","171779309","B1FLZ21",0.0008501225474698362,"-",1754666,"USD"
"COHR","COHERENT CORP","19247G107","BNG8Z81",0.0008481615958592386,"-",2432674,"USD"
"SRE","SEMPRA","816851109","2138158",0.000843929542128204,"-",8129784,"USD"
"AME","AMETEK INC","031100100","2089212",0.0008409480952916832,"-",2850798,"USD"
"DVN","DEVON ENERGY CORP","25179M103","2480677",0.0008356655317692571,"-",14297891,"USD"
"CAH","CARDINAL HEALTH INC","14149Y108","2175672",0.000829762667227152,"-",2913114,"USD"
"KEYS","KEYSIGHT TECHNOLOGIES IN","49338L103","BQZJ0Q9",0.0008243900600083208,"-",2127769,"USD"
"PSA","PUBLIC STORAGE","74460D109","2852533",0.0008224791326735039,"-",2085757,"USD"
"DAL","DELTA AIR LINES INC","247361702","B1W9D46",0.0008200879722911935,"-",8118251,"USD"
"PYPL","PAYPAL HOLDINGS INC","70450Y103","BYW36M8",0.0008149454767409529,"-",10970314,"USD"
"HONA","HONEYWELL AEROSPACE INC","43849R105","BN7RHB4",0.0008141550931836202,"-",3940154,"USD"
"AFL","AFLAC INC","001055102","2026361",0.000804970636150311,"-",5696597,"USD"
"EW","EDWARDS LIFESCIENCES CORP","28176E108","2567116",0.0008014789417008286,"-",7161098,"USD"
"ADSK","AUTODESK INC","052769106","2065159",0.0008002083250960026,"-",2625589,"USD"
"CTVA","CORTEVA INC","22052L104","BK73B42",0.0007926546594531395,"-",8318111,"USD"
"AXON","AXON ENTERPRISE INC","05464C101","BDT5S35",0.0007853110957685546,"-",1002750,"USD"
"BDX","BECTON DICKINSON AND CO","075887109","2087807",0.0007797884157223818,"-",3427189,"USD"
"LHX","L3HARRIS TECHNOLOGIES INC","502431109","BK9DTN5",0.0007787078913655219,"-",2316976,"USD"
"STT","STATE STREET CORP","857477103","2842040",0.0007756063862671277,"-",3441656,"USD"
"MET","METLIFE INC","59156R108","2573209",0.000775356264888225,"-",6721629,"USD"
"AZO","AUTOZONE INC","053332102","2065955",0.0007649412106707143,"-",204981,"USD"
"CVNA","CARVANA CO","146869102","BYQHPG3",0.0007610493220149875,"-",8908227,"USD"
"AMP","AMERIPRISE FINANCIAL INC","03076C106","B0J7D57",0.0007589783169976727,"-",1117920,"USD"
"FITB","FIFTH THIRD BANCORP","316773100","2336747",0.0007495537434406169,"-",11244844,"USD"
"WAB","WABTEC CORP","929740108","2955733",0.0007477828840779854,"-",2109831,"USD"
"XEL","XCEL ENERGY INC","98389B100","2614807",0.0007477528695125171,"-",7763942,"USD"
"ETR","ENTERGY CORP","29364G103","2317087",0.0007455918207987973,"-",5694255,"USD"
"NKE","NIKE INC  CL B","654106103","2640147",0.0007427104225138376,"-",14917789,"USD"
"GRMN","GARMIN LTD","H2906T109","B3Z5T14",0.0007286035767437222,"-",2031787,"USD"
"ROK","ROCKWELL AUTOMATION INC","773903109","2754060",0.0007269227610774957,"-",1383326,"USD"
"CARR","CARRIER GLOBAL CORP","14448C104","BK4N0D7",0.0007206897363152391,"-",9709422,"USD"
"FERG","FERGUSON ENTERPRISES INC","31488V107","BS6VHW3",0.0007076534100468276,"-",2399228,"USD"
"VMRK","VIVMARK RESIDENTIAL","29476L107","2319157",0.0007068029973585582,"-",9056178.277,"USD"
"EXC","EXELON CORP","30161N101","2670519",0.0006991492831641339,"-",12725222,"USD"
"EBAY","EBAY INC","278642103","2293819",0.0006873635637902361,"-",5521587,"USD"
"CBRE","CBRE GROUP INC   A","12504L109","B6WVMH3",0.0006849724034079258,"-",3642010,"USD"
"HUM","HUMANA INC","444859102","2445063",0.0006848323354357403,"-",1493711,"USD"
"VST","VISTRA CORP","92840M102","BZ8VJQ8",0.0006822911022260884,"-",3942258,"USD"
"VTR","VENTAS INC","92276F100","2927925",0.0006735768733851163,"-",6046497,"USD"
"CMG","CHIPOTLE MEXICAN GRILL INC","169656105","B0X7DZ3",0.0006706054314037517,"-",15952675,"USD"
"IDXX","IDEXX LABORATORIES INC","45168D104","2459202",0.0006691547274061156,"-",981375,"USD"
"RSG","REPUBLIC SERVICES INC","760759100","2262530",0.0006667835767341175,"-",2487205,"USD"
"A","AGILENT TECHNOLOGIES INC","00846U101","2520153",0.0006625315132927708,"-",3515001,"USD"
"OXY","OCCIDENTAL PETROLEUM CORP","674599105","2655408",0.0006581193721689262,"-",9030167,"USD"
"XYZ","BLOCK INC","852234103","BYNZGK1",0.0006533170416939932,"-",6655978,"USD"
"NDAQ","NASDAQ INC","631103108","2965107",0.0006493251044867054,"-",5556604,"USD"
"PRU","PRUDENTIAL FINANCIAL INC","744320102","2819118",0.0006396904289713712,"-",4315439,"USD"
"KDP","KEURIG DR PEPPER INC","49271V100","BD3W133",0.0006374293317060905,"-",16920941,"USD"
"MCHP","MICROCHIP TECHNOLOGY INC","595017104","2592174",0.0006291853310574556,"-",6730303,"USD"
"IQV","IQVIA HOLDINGS INC","46266C105","BDR73G1",0.0006276645930737268,"-",2076033,"USD"
"FLEX","FLEX LTD","Y2573F102","2353058",0.0006268441949509258,"-",4572572,"USD"
"TTWO","TAKE TWO INTERACTIVE SOFTWRE","874054109","2122117",0.0006224120441167691,"-",2164962,"USD"
"MSCI","MSCI INC","55354G100","B2972D2",0.0006205811556232009,"-",905192,"USD"
"ROP","ROPER TECHNOLOGIES INC","776696106","2749602",0.0006197607575003999,"-",1254533,"USD"
"WAT","WATERS CORP","941848103","2937689",0.0006151084998528086,"-",1219609,"USD"
"FANG","DIAMONDBACK ENERGY INC","25278X109","B7Y8YR3",0.0006104762519155297,"-",2413542,"USD"
"WDAY","WORKDAY INC CLASS A","98138H101","B8K6ZD1",0.0006096758635030407,"-",2533421,"USD"
"IBKR","INTERACTIVE BROKERS GRO CL A","45841N107","B1WT4X2",0.0006083652274775904,"-",5540174,"USD"
"YUM","YUM  BRANDS INC","988498101","2098876",0.0006067544457974566,"-",3428187,"USD"
"AIG","AMERICAN INTERNATIONAL GROUP","026874784","2027342",0.0006053837806410695,"-",6593751,"USD"
"DHI","DR HORTON INC","23331A109","2250687",0.0006041431786017119,"-",3280139,"USD"
"ED","CONSOLIDATED EDISON INC","209115104","2216850",0.0006004113676284828,"-",4583724,"USD"
"PAYX","PAYCHEX INC","704326107","2674458",0.0005959592070840137,"-",4011213,"USD"
"SYY","SYSCO CORP","871829107","2868165",0.0005947586244652805,"-",5946904,"USD"
"ADM","ARCHER DANIELS MIDLAND CO","039483102","2047317",0.0005870448811399196,"-",5993417,"USD"
"PCG","P G + E CORP","69331C108","2689560",0.0005862845121480553,"-",27388129,"USD"
"NTAP","NETAPP INC","64110D104","2630643",0.0005796312834692419,"-",2457377,"USD"
"HIG","HARTFORD INSURANCE GROUP INC","416515104","2476193",0.0005687059816387697,"-",3409468,"USD"
"VEEV","VEEVA SYSTEMS INC CLASS A","922475108","BFH3N85",0.0005684358505495547,"-",1867248,"USD"
"UAL","UNITED AIRLINES HOLDINGS INC","910047109","B4QG225",0.0005668150640142649,"-",4036521,"USD"
"PEG","PUBLIC SERVICE ENTERPRISE GP","744573106","2707677",0.0005662447872703666,"-",6197774,"USD"
"ODFL","OLD DOMINION FREIGHT LINE","679580100","2656423",0.000566104719298181,"-",2276008,"USD"
"EXPE","EXPEDIA GROUP INC","30212P303","B748CK2",0.0005633333744199386,"-",1423596,"USD"
"KVUE","KENVUE INC","49177J102","BQ84ZQ6",0.0005540288591247561,"-",23878862,"USD"
"KMB","KIMBERLY CLARK CORP","494368103","2491839",0.0005500969510484048,"-",4127816,"USD"
"IRM","IRON MOUNTAIN INC","46284V101","BVFTF03",0.0005478058392176555,"-",3699782,"USD"
"VMC","VULCAN MATERIALS CO","929160109","2931205",0.0005407023920568174,"-",1613514,"USD"
"EME","EMCOR GROUP INC","29084Q100","2474164",0.0005404222561124463,"-",552980,"USD"
"MTB","M + T BANK CORP","55261F104","2340168",0.0005402421687196363,"-",1821458,"USD"
"COIN","COINBASE GLOBAL INC  CLASS A","19260Q107","BMC9P69",0.000537490833551706,"-",2766348,"USD"
"WEC","WEC ENERGY GROUP INC","92939U106","BYY8XK8",0.0005372507170279593,"-",4051282,"USD"
"HBAN","HUNTINGTON BANCSHARES INC","446150104","2445966",0.0005250047743168805,"-",25210857,"USD"
"DXCM","DEXCOM INC","252131107","B0796X4",0.000521413031315837,"-",4783167,"USD"
"NTRS","NORTHERN TRUST CORP","665859104","2648668",0.000517421094108549,"-",2301098,"USD"
"ACGL","ARCH CAPITAL GROUP LTD","G0450A105","2740542",0.0005171909824399584,"-",4327946,"USD"
"CCL","CARNIVAL CORP LTD","G2004J103","BVV7RC7",0.0005161204629382547,"-",15944169,"USD"
"JBL","JABIL INC","466313103","2471789",0.0005136292540043833,"-",1312046,"USD"
"GEHC","GE HEALTHCARE TECHNOLOGY","36266G107","BL6JPG8",0.0005120184723242495,"-",5657508,"USD"
"EQT","EQT CORP","26884L109","2319414",0.0005060355689408956,"-",7778396,"USD"
"RMD","RESMED INC","761152107","2732903",0.0005031941900765604,"-",1803941,"USD"
"BIIB","BIOGEN INC","09062X103","2455965",0.000494079767029344,"-",1838665,"USD"
"CCI","CROWN CASTLE INC","22822V101","BTGQCX1",0.0004922888979564003,"-",5437335,"USD"
"MLM","MARTIN MARIETTA MATERIALS","573284106","2572079",0.00048518545079556213,"-",746994,"USD"
"ZTS","ZOETIS INC","98978V103","B95WG16",0.00048490531485119106,"-",5213956,"USD"
"KR","KROGER CO","501044101","2497406",0.0004814636446774891,"-",7054738,"USD"
"WTW","WILLIS TOWERS WATSON PLC","G96629103","BDB6Q21",0.0004780419842140994,"-",1174946,"USD"
"STLD","STEEL DYNAMICS INC","858119100","2849472",0.0004724492701818339,"-",1686264,"USD"
"EXR","EXTRA SPACE STORAGE INC","30225T102","B02HWR9",0.00047125869241825674,"-",2626963,"USD"
"CASY","CASEY S GENERAL STORES INC","147528103","2179414",0.0004666364493361339,"-",460142,"USD"
"RJF","RAYMOND JAMES FINANCIAL INC","754730109","2718992",0.00046554592012411784,"-",2157283,"USD"
"CNC","CENTENE CORP","15135B101","2807061",0.0004571918660687659,"-",5826278,"USD"
"AEE","AMEREN CORPORATION","023608102","2050832",0.00045602129801550103,"-",3440682,"USD"
"ARES","ARES MANAGEMENT CORP   A","03990B101","BF14BT1",0.0004552309144581683,"-",2622948,"USD"
"TDY","TELEDYNE TECHNOLOGIES INC","879360105","2503477",0.0004534000259646001,"-",576347,"USD"
"ON","ON SEMICONDUCTOR","682189105","2583576",0.0004526796763933602,"-",4873899,"USD"
"CPRT","COPART INC","217204106","2208073",0.00045251959871086243,"-",11022259,"USD"
"CFG","CITIZENS FINANCIAL GROUP","174610105","BQRX1X3",0.00045134903065759753,"-",5259198,"USD"
"CBOE","CBOE GLOBAL MARKETS INC","12503M108","B5834C5",0.00044409551066941765,"-",1304216,"USD"
"HAL","HALLIBURTON CO","406216101","2405302",0.0004411440783983652,"-",10386280,"USD"
"LYV","LIVE NATION ENTERTAINMENT IN","538034109","B0T7YX2",0.0004397233889661975,"-",1968391,"USD"
"DTE","DTE ENERGY COMPANY","233331107","2280220",0.0004367319372745206,"-",2587201,"USD"
"CTSH","COGNIZANT TECH SOLUTIONS A","192446102","2257019",0.0004355213498006313,"-",5893506,"USD"
"IR","INGERSOLL RAND INC","45687V106","BL5GZ82",0.0004354112963939141,"-",4424442,"USD"
"VICI","VICI PROPERTIES INC","925652109","BYWH073",0.0004342307234854931,"-",13577208,"USD"
"MTD","METTLER TOLEDO INTERNATIONAL","592688105","2126249",0.0004322597670197394,"-",250093,"USD"
"WSM","WILLIAMS SONOMA INC","969904101","2967589",0.0004302788056988295,"-",1464106,"USD"
"ATO","ATMOS ENERGY CORP","049560105","2315359",0.0004290982327904085,"-",2065242,"USD"
"EIX","EDISON INTERNATIONAL","281020107","2829515",0.0004262568539260732,"-",4785631,"USD"
"HSY","HERSHEY CO/THE","427866108","2422806",0.0004228652080281519,"-",1846784,"USD"
"FISV","FISERV INC","337738108","2342034",0.0004189032853863323,"-",6631907,"USD"
"XYL","XYLEM INC","98419M100","B3P2CN8",0.00041668220754167583,"-",2956393,"USD"
"OTIS","OTIS WORLDWIDE CORP","68902V107","BK531S8",0.0004164020715973047,"-",4771749,"USD"
"HPQ","HP INC","40434L105","BYX4D52",0.0004132705519334423,"-",11380874,"USD"
"DOV","DOVER CORP","260003108","2278407",0.0004113896391640936,"-",1676044,"USD"
"LH","LABCORP HOLDINGS INC","504922105","BSBK800",0.00040879838167866105,"-",1020018,"USD"
"AWK","AMERICAN WATER WORKS CO INC","030420103","B2R3PV1",0.0004085382554446022,"-",2428430,"USD"
"ES","EVERSOURCE ENERGY","30040W108","BVVN4Q8",0.0004078079010182061,"-",4670658,"USD"
"DG","DOLLAR GENERAL CORP","256677105","B5B1S13",0.00040680741550259514,"-",2742355,"USD"
"FICO","FAIR ISAAC CORP","303250104","2330299",0.00040561683773901805,"-",287915,"USD"
"SYF","SYNCHRONY FINANCIAL","87165B103","BP96PS6",0.0004039760414934159,"-",4183415,"USD"
"DGX","QUEST DIAGNOSTICS INC","74834L100","2702791",0.00040362587156295203,"-",1376531,"USD"
"PPL","PPL CORP","69351T106","2680905",0.0004027554491643705,"-",9356872,"USD"
"TPR","TAPESTRY INC","876030107","BF09HX3",0.00040203509959313053,"-",2516589,"USD"
"CPAY","CORPAY INC","219948106","BMX5GK7",0.0004014147985734517,"-",813041,"USD"
"Q","QNITY ELECTRONICS INC","74743L100","BW1P234",0.000397713002165691,"-",2601715,"USD"
"CNP","CENTERPOINT ENERGY INC","15189T107","2440637",0.00039612223019586953,"-",8132729,"USD"
"RF","REGIONS FINANCIAL CORP","7591EP100","B01R311",0.0003937610843790275,"-",10613305,"USD"
"CINF","CINCINNATI FINANCIAL CORP","172062101","2196888",0.0003932208222005975,"-",1924229,"USD"
"SW","SMURFIT WESTROCK PLC","G8267P108","BRK49M5",0.0003856071274267977,"-",6527182,"USD"
"NRG","NRG ENERGY INC","629377508","2212922",0.0003836962000919807,"-",2623666,"USD"
"DRI","DARDEN RESTAURANTS INC","237194105","2289874",0.0003832359767547996,"-",1424037,"USD"
"PPG","PPG INDUSTRIES INC","693506107","2698470",0.00038298585537589687,"-",2771939,"USD"
"HUBB","HUBBELL INC","443510607","BDFG6S3",0.00037937410266454107,"-",657632,"USD"
"WST","WEST PHARMACEUTICAL SERVICES","955306105","2950482",0.0003759524422011514,"-",878656,"USD"
"OMC","OMNICOM GROUP","681919106","2279303",0.0003758323839392781,"-",3544344,"USD"
"PHM","PULTEGROUP INC","745867101","2708841",0.00037540217516756534,"-",2368565,"USD"
"FE","FIRSTENERGY CORP","337932107","2100920",0.00037101004375403296,"-",6474137,"USD"
"VLTO","VERALTO CORP","92338C103","BPGMZQ5",0.0003707799320854425,"-",3054066,"USD"
"VRSK","VERISK ANALYTICS INC","92345Y106","B4P9W92",0.0003685088299650054,"-",1629585,"USD"
"EXPD","EXPEDITORS INTL WASH INC","302130109","2325507",0.0003678585143798583,"-",1626820,"USD"
"EL","ESTEE LAUDER COMPANIES CL A","518439104","2320524",0.0003644468587716247,"-",3065891,"USD"
"TROW","T ROWE PRICE GROUP INC","74144T108","2702337",0.00036269600911930543,"-",2664616,"USD"
"DLTR","DOLLAR TREE INC","256746108","2272476",0.00036014477105449734,"-",2252276,"USD"
"FSLR","FIRST SOLAR INC","336433107","B1HMF22",0.0003601247613441851,"-",1335100,"USD"
"CHD","CHURCH + DWIGHT CO INC","171340102","2195841",0.00035295128019725413,"-",2939263,"USD"
"STE","STERIS PLC","G8473T100","BFY8C75",0.0003505201003943193,"-",1219896,"USD"
"EXE","EXPAND ENERGY CORP","165167735","BMZ5LZ5",0.0003468082991314025,"-",2977725,"USD"
"ULTA","ULTA BEAUTY INC","90384S303","B28TS42",0.0003466482214489047,"-",541478,"USD"
"EFX","EQUIFAX INC","294429105","2319146",0.0003450174300584588,"-",1480854,"USD"
"DOW","DOW INC","260557103","BHXCF84",0.00034397692512222336,"-",8932661,"USD"
"PKG","PACKAGING CORP OF AMERICA","695156109","2504566",0.00033766386151871784,"-",1100810,"USD"
"VRSN","VERISIGN INC","92343E102","2142922",0.00033710358962997565,"-",1018000,"USD"
"KHC","KRAFT HEINZ CO/THE","500754106","BYRY499",0.0003317209775559884,"-",10650583,"USD"
"PFG","PRINCIPAL FINANCIAL GROUP","74251V102","2803014",0.00033091058428834347,"-",2443914,"USD"
"AMCR","AMCOR PLC","G0250X149","BV7DQ55",0.0003286494870230626,"-",5710690,"USD"
"CMS","CMS ENERGY CORP","125896100","2219224",0.00032752894324557827,"-",3824526,"USD"
"IP","INTERNATIONAL PAPER CO","460146103","2465254",0.0003272588121563633,"-",6571649,"USD"
"TPL","TEXAS PACIFIC LAND CORP","88262P102","BM99VY2",0.0003260782392479423,"-",720450,"USD"
"FFIV","F5 INC","315616102","2427599",0.0003253078654009218,"-",700987,"USD"
"INCY","INCYTE CORP","45337C102","2471950",0.0003229467195840798,"-",2072653,"USD"
"GIS","GENERAL MILLS INC","370334104","2367026",0.0003219062146478443,"-",6636973,"USD"
"GPN","GLOBAL PAYMENTS INC","37940X102","2712013",0.00032177615153081493,"-",2891979,"USD"
"IFF","INTL FLAVORS + FRAGRANCES","459506101","2464165",0.00032164608841378544,"-",3182565,"USD"
"FIS","FIDELITY NATIONAL INFO SERV","31620M106","2769796",0.0003170138404765064,"-",6428437,"USD"
"BRO","BROWN + BROWN INC","115236101","2692687",0.00031433253929466894,"-",3625305,"USD"
"SMCI","SUPER MICRO COMPUTER INC","86800U302","BRC3N73",0.00031050067976987874,"-",6998649,"USD"
"WRB","WR BERKLEY CORP","084423102","2093644",0.00030875983497271556,"-",3657160,"USD"
"SNA","SNAP ON INC","833034101","2818740",0.000307799368877729,"-",644229,"USD"
"KEY","KEYCORP","493267108","2490911",0.0003072090824235185,"-",11461584,"USD"
"BR","BROADRIDGE FINANCIAL SOLUTIO","11133T103","B1VP7R6",0.00030707901930648906,"-",1438351,"USD"
"JBHT","HUNT (JB) TRANSPRT SVCS INC","445658107","2445416",0.0003059284609635364,"-",925934,"USD"
"LUV","SOUTHWEST AIRLINES CO","844741108","2831543",0.00030526814052323316,"-",6076799,"USD"
"NI","NISOURCE INC","65473P105","2645409",0.00030023569837970974,"-",5946379,"USD"
"RDDT","REDDIT INC CL A","75734B100","BMVNLY2",0.00029793458169380437,"-",1619224,"USD"
"ZBH","ZIMMER BIOMET HOLDINGS INC","98956P102","2783815",0.00029396265419682864,"-",2405914,"USD"
"EVRG","EVERGY INC","30034W106","BFMXGR0",0.00029064104228500006,"-",2867144,"USD"
"SBAC","SBA COMMUNICATIONS CORP","78410G104","BZ6TS23",0.0002897406053209502,"-",1318525,"USD"
"DD","DUPONT DE NEMOURS INC","26614N201","BW60F13",0.00028580869724459883,"-",1687101,"USD"
"VTRS","VIATRIS INC","92556V106","BMWS3X9",0.0002850583331078906,"-",14467836,"USD"
"LEN","LENNAR CORP A","526057104","2511920",0.0002834675611380691,"-",2677269,"USD"
"L","LOEWS CORP","540424108","2523022",0.00028302734751120025,"-",2098716,"USD"
"STZ","CONSTELLATION BRANDS INC A","21036P108","2170473",0.0002808963133629488,"-",1734612,"USD"
"TSCO","TRACTOR SUPPLY COMPANY","892356106","2900335",0.0002803560511845188,"-",6522564,"USD"
"GPC","GENUINE PARTS CO","372460105","2367480",0.0002793355559585956,"-",1711871,"USD"
"ESS","ESSEX PROPERTY TRUST INC","297178105","2316619",0.0002784051044290774,"-",798817,"USD"
"LDOS","LEIDOS HOLDINGS INC","525327102","BDV82B8",0.00027761472087174465,"-",1564488,"USD"
"CF","CF INDUSTRIES HOLDINGS INC","125269100","B0G4K50",0.0002758038420884887,"-",1910638,"USD"
"LNT","ALLIANT ENERGY CORP","018802108","2973821",0.00027180190002604464,"-",3194600,"USD"
"FTV","FORTIVE CORP","34959J108","BYT3MK1",0.00027087144849652643,"-",3791831,"USD"
"WY","WEYERHAEUSER CO","962166104","2958936",0.00026577897722206633,"-",8900872,"USD"
"PTC","PTC INC","69370C100","B95N910",0.00026560889468441246,"-",1436619,"USD"
"BBY","BEST BUY CO INC","086516101","2094670",0.0002645583848930209,"-",2445102,"USD"
"CDW","CDW CORP/DE","12514G108","BBM5MD6",0.00026437829750021094,"-",1588778,"USD"
"CHTR","CHARTER COMMUNICATIONS INC A","16119P108","BZ6VT82",0.0002624873798757061,"-",1419468,"USD"
"J","JACOBS SOLUTIONS INC","46982L108","BNGC0D3",0.000262387331324145,"-",1468038,"USD"
"IEX","IDEX CORP","45167R104","2456612",0.0002617670303044662,"-",920583,"USD"
"NVR","NVR INC","62944T105","2637785",0.0002616469720425929,"-",33609,"USD"
"LYB","LYONDELLBASELL INDU CL A","N53745100","B3SPXZ3",0.0002582353164343593,"-",3223083,"USD"
"CHRW","C.H. ROBINSON WORLDWIDE INC","12541W209","2116228",0.0002568946658434405,"-",1465627,"USD"
"ZBRA","ZEBRA TECHNOLOGIES CORP CL A","989207105","2989356",0.0002550037482189357,"-",592846,"USD"
"BALL","BALL CORP","058498106","2073022",0.0002514520246385166,"-",3310899,"USD"
"TSN","TYSON FOODS INC CL A","902494103","2909730",0.0002491509079526113,"-",3508552,"USD"
"INVH","INVITATION HOMES INC","46187W107","BD81GW9",0.00024896081570464516,"-",6797067,"USD"
"NDSN","NORDSON CORP","655663102","2641838",0.00024786028163747303,"-",659404,"USD"
"AKAM","AKAMAI TECHNOLOGIES INC","00971T101","2507457",0.0002474200680106042,"-",1807863,"USD"
"KIM","KIMCO REALTY CORP","49446R109","2491594",0.00024739005344513585,"-",8387283,"USD"
"ALB","ALBEMARLE CORP","012653101","2046853",0.00023852575177682228,"-",1464591,"USD"
"BG","BUNGE GLOBAL SA","H11356104","BQ6BPG9",0.00023427368833547544,"-",1694370,"USD"
"SWK","STANLEY BLACK + DECKER INC","854502101","B3Q2FJ4",0.0002340035572462605,"-",1933252,"USD"
"APA","APA CORP","03743Q108","BNNF1C1",0.0002316724259948868,"-",4396185,"USD"
"MAA","MID AMERICA APARTMENT COMM","59522J103","2589132",0.00023071195989990024,"-",1446904,"USD"
"MAS","MASCO CORP","574599106","2570200",0.0002297214792394453,"-",2517046,"USD"
"GEN","GEN DIGITAL INC","668771108","BJN4XN5",0.00022771050335306718,"-",6817440,"USD"
"FDXF","FEDEX FREIGHT HOLDING CO","314352105","BVSVT37",0.00022588961971465514,"-",1347955,"USD"
"TXT","TEXTRON INC","883203101","2885937",0.00022585960514918683,"-",2158143,"USD"
"COO","COOPER COS INC/THE","216648501","BQPDXR3",0.00022576956145278182,"-",2425997,"USD"
"HST","HOST HOTELS + RESORTS INC","44107P104","2567503",0.0002224079301203288,"-",7921344,"USD"
"RL","RALPH LAUREN CORP","751212101","B4V9661",0.00022084717271597562,"-",481779,"USD"
"TYL","TYLER TECHNOLOGIES INC","902252105","2909644",0.00022041696394426287,"-",523920,"USD"
"EG","EVEREST GROUP LTD","G3223R108","2556868",0.00021726543457008818,"-",492224,"USD"
"MKC","MCCORMICK + CO NON VTG SHRS","579780206","2550161",0.00021702531804634155,"-",3168190,"USD"
"DOC","HEALTHPEAK PROPERTIES INC","42250P103","BJBLRK3",0.000216705162681346,"-",8606892,"USD"
"IVZ","INVESCO LTD","G491BT108","B28XP76",0.0002158347402827644,"-",5525004,"USD"
"AVY","AVERY DENNISON CORP","053611109","2066408",0.00021124251176610987,"-",950923,"USD"
"CRL","CHARLES RIVER LABORATORIES","159864107","2604336",0.00021072225929799214,"-",599106,"USD"
"LVS","LAS VEGAS SANDS CORP","517834107","B02T2J7",0.0002095116718241028,"-",3708506,"USD"
"ALLE","ALLEGION PLC","G0176J109","BFRT3W7",0.00020865125428067732,"-",1057009,"USD"
"BAX","BAXTER INTERNATIONAL INC","071813109","2085102",0.00020847116688786738,"-",6452121,"USD"
"TRMB","TRIMBLE INC","896239100","2903958",0.00020833109891568182,"-",2899043,"USD"
"AIZ","ASSURANT INC","04621X108","2331430",0.0002081310018125596,"-",616588,"USD"
"CSGP","COSTAR GROUP INC","22160N109","2262864",0.00020777082702693966,"-",5078867,"USD"
"FOXA","FOX CORP   CLASS A","35137L105","BJJMGL2",0.0002044892345357355,"-",2480983,"USD"
"RVTY","REVVITY INC","714046109","2305844",0.00020106757407234584,"-",1387860,"USD"
"GL","GLOBE LIFE INC","37959E102","BK6YKG1",0.0002008174526934431,"-",965677,"USD"
"LII","LENNOX INTERNATIONAL INC","526107107","2442053",0.00020009710312220315,"-",393430,"USD"
"CLX","CLOROX COMPANY","189054109","2204026",0.00019783600585692227,"-",1511785,"USD"
"SJM","JM SMUCKER CO/THE","832696405","2951452",0.00019764591360895618,"-",1326623,"USD"
"DECK","DECKERS OUTDOOR CORP","243537107","2267278",0.00019536480663336303,"-",1759087,"USD"
"SOLV","SOLVENTUM CORP","83444M101","BMTQB43",0.00019492459300649422,"-",1830328,"USD"
"IT","GARTNER INC","366651107","2372763",0.00019478452503430866,"-",832902,"USD"
"GDDY","GODADDY INC   CLASS A","380237107","BWFRFC6",0.000193453879298546,"-",1647058,"USD"
"TKO","TKO GROUP HOLDINGS INC","87256C101","BQBBFD1",0.00019144290341216786,"-",782627,"USD"
"REG","REGENCY CENTERS CORP","758849103","2726177",0.0001898921508629708,"-",2049290,"USD"
"LULU","LULULEMON ATHLETICA INC","550021109","B23FN39",0.00018872158280970592,"-",1302659,"USD"
"HAS","HASBRO INC","418056107","2414580",0.00018782114584565602,"-",1659241,"USD"
"GNRC","GENERAC HOLDINGS INC","368736104","B6197Q2",0.0001854700048839701,"-",725395,"USD"
"HII","HUNTINGTON INGALLS INDUSTRIE","446413106","B40SSC9",0.0001844795242235152,"-",487881,"USD"
"PNW","PINNACLE WEST CAPITAL","723484101","2048804",0.00018184824731745823,"-",1507949,"USD"
"ECHO","ECHOSTAR CORP A","278768106","B2NC471",0.0001802474704924806,"-",1680480,"USD"
"JKHY","JACK HENRY + ASSOCIATES INC","426281101","2469193",0.00017470478073599555,"-",883400,"USD"
"TECH","BIO TECHNE CORP","09073M104","BSHZ3Q0",0.00017146320766541588,"-",1950555,"USD"
"UDR","UDR INC","902653104","2727910",0.00016727117335500573,"-",3676800,"USD"
"CPT","CAMDEN PROPERTY TRUST","133131102","2166320",0.00016431974108395325,"-",1249823,"USD"
"FDS","FACTSET RESEARCH SYSTEMS INC","303075105","2329770",0.00016376947405036718,"-",452972,"USD"
"ALGN","ALIGN TECHNOLOGY INC","016255101","2679204",0.00016211867294960898,"-",819850,"USD"
"NWSA","NEWS CORP   CLASS A","65249B109","BBGVT40",0.00016207865352898455,"-",4537629,"USD"
"ROL","ROLLINS INC","775711104","2747305",0.0001606379543865047,"-",3652798,"USD"
"PNR","PENTAIR PLC","G7S00T104","BLS09M3",0.00015991760481526477,"-",2010226,"USD"
"PODD","INSULET CORP","45784P101","B1XGNW4",0.00015826680371450657,"-",861298,"USD"
"AES","AES CORP","00130H105","2002479",0.00015812673574232104,"-",8869071,"USD"
"BEN","FRANKLIN TEMPLETON INC","354613101","2350684",0.00015715626479217835,"-",3813331,"USD"
"APTV","APTIV PLC","G3265R107","BTDN8H1",0.00015635587637968955,"-",2635238,"USD"
"DPZ","DOMINO S PIZZA INC","25754A201","B01SD70",0.00015545543941563963,"-",380877,"USD"
"SWKS","SKYWORKS SOLUTIONS INC","83088M102","2961053",0.0001553453860089224,"-",1870335,"USD"
"BXP","BXP INC","101121101","2019479",0.00014986272538337404,"-",1838186,"USD"
"FRT","FEDERAL REALTY INVS TRUST","313745101","BN7P9B2",0.00013988788479273222,"-",981124,"USD"
"UHS","UNIVERSAL HEALTH SERVICES B","913903100","2923785",0.00013855723905696957,"-",662907,"USD"
"HSIC","HENRY SCHEIN INC","806407102","2416962",0.00013039327724958367,"-",1204087,"USD"
"FOX","FOX CORP   CLASS B","35137L204","BJJMGY5",0.0001274318401233751,"-",1739785,"USD"
"WYNN","WYNN RESORTS LTD","983134107","2963811",0.00012660143714541793,"-",1042788,"USD"
"MGM","MGM RESORTS INTERNATIONAL","552953101","2547419",0.00012367001458467766,"-",2359304,"USD"
"NCLH","NORWEGIAN CRUISE LINE HOLDIN","G66721104","B9CGTC3",0.00012089866970643513,"-",5748640,"USD"
"ARE","ALEXANDRIA REAL ESTATE EQUIT","015271109","2009210",0.00011915782490927198,"-",1943613,"USD"
"BLDR","BUILDERS FIRSTSOURCE INC","12008R107","B0BV2M7",0.00011767710634616768,"-",1337334,"USD"
"AOS","SMITH (A.O.) CORP","831865209","2816023",0.00010771227061068195,"-",1392035,"USD"
"HRL","HORMEL FOODS CORP","440452100","2437264",0.00010738211039053032,"-",3627209,"USD"
"MOS","MOSAIC CO/THE","61945C103","B3NPHP6",0.00010733208611474977,"-",3980982,"USD"
"TAP","MOLSON COORS BEVERAGE CO   B","60871R209","B067BM3",0.00010281989643934408,"-",1995259,"USD"
"ERIE","ERIE INDEMNITY COMPANY CL A","29530P102","2311711",0.0001024397119434119,"-",315890,"USD"
"TTD","TRADE DESK INC/THE  CLASS A","88339J105","BD8FDD1",0.00008720231754065613,"-",5310027,"USD"
"DVA","DAVITA INC","23918K108","2898087",0.00008592169608067404,"-",399634,"USD"
"BF-B","BROWN FORMAN CORP CLASS B","115637209","2146838",0.000072205039661647,"-",2094084,"USD"
"NWS","NEWS CORP   CLASS B","65249B208","BBGVT51",0.00006167993203741913,"-",1516623,"USD"
"PSKY","PARAMOUNT SKYDANCE CL B","69932A204","BSNMNQ5",0.000050254387449141316,"-",3908749,"USD"
"2602335D","CONTRA HOLOGIC INCORPO","436CVR021","-",3.001456546833047e-8,"-",2578626,"USD"
